mc	mn	mc_onset	mn_onset	timesig	staff	voice	duration	gracenote	nominal_duration	scalar	tied	tpc	midi	volta	chord_id
1	1	1/8	1/8	9/8	2	1	1/8		1/8	1	1	-1	65		2
1	1	1/8	1/8	9/8	2	1	1/8		1/8	1	1	-4	68		2
1	1	1/4	1/4	9/8	2	1	3/4		1/2	3/2	0	-1	65		3
1	1	1/4	1/4	9/8	2	1	3/4		1/2	3/2	0	-4	68		3
1	1	1/2	1/2	9/8	1	1	1/4		1/4	1		-1	77		0
1	1	1/2	1/2	9/8	1	1	1/4		1/4	1		-4	80		0
1	1	3/4	3/4	9/8	1	1	3/8		1/4	3/2	1	-5	73		1
1	1	3/4	3/4	9/8	1	1	3/8		1/4	3/2	1	-1	77		1
1	1	1	1	9/8	2	1	1/8		1/8	1	-1	-1	65		4
1	1	1	1	9/8	2	1	1/8		1/8	1	-1	-4	68		4
2	2	0	0	9/8	2	1	3/4		1/2	3/2	1	-6	66		9
2	2	0	0	9/8	2	1	3/4		1/2	3/2	1	3	69		9
2	2	0	0	9/8	1	1	1/8		1/8	1	-1	-5	73		5
2	2	0	0	9/8	1	1	1/8		1/8	1	-1	-1	77		5
2	2	1/8	1/8	9/8	1	1	1/8		1/8	1		0	72		6
2	2	1/8	1/8	9/8	1	1	1/8		1/8	1		-3	75		6
2	2	1/4	1/4	9/8	1	1	1/8		1/8	1		-5	73		7
2	2	1/4	1/4	9/8	1	1	1/8		1/8	1		-1	77		7
2	2	3/8	3/8	9/8	1	1	3/4		1/2	3/2	1	0	72		8
2	2	3/8	3/8	9/8	1	1	3/4		1/2	3/2	1	-3	75		8
2	2	3/4	3/4	9/8	2	1	3/8		1/4	3/2	-1	-6	66		10
2	2	3/4	3/4	9/8	2	1	3/8		1/4	3/2	-1	3	69		10
3	3	0	0	9/8	2	1	3/4		1/2	3/2	1	-1	65		19
3	3	0	0	9/8	2	1	3/4		1/2	3/2	1	-4	68		19
3	3	0	0	9/8	1	1	1/8		1/8	1	-1	0	72		11
3	3	0	0	9/8	1	1	1/8		1/8	1	-1	-3	75		11
3	3	1/8	1/8	9/8	1	1	1/8		1/8	1		-2	70		12
3	3	1/8	1/8	9/8	1	1	1/8		1/8	1		-5	73		12
3	3	1/4	1/4	9/8	1	1	1/8		1/8	1		0	72		13
3	3	1/4	1/4	9/8	1	1	1/8		1/8	1		-3	75		13
3	3	3/8	3/8	9/8	1	2	3/4		1/2	3/2	1	-2	70		18
3	3	3/8	3/8	9/8	1	1	3/16		1/8	3/2		-5	73		14
3	3	9/16	9/16	9/8	1	1	3/16		1/8	3/2	1	-1	77		15
3	3	3/4	3/4	9/8	2	1	3/8		1/4	3/2	-1	-1	65		20
3	3	3/4	3/4	9/8	2	1	3/8		1/4	3/2	-1	-4	68		20
3	3	3/4	3/4	9/8	1	1	3/16		1/8	3/2	-1	-1	77		16
3	3	15/16	15/16	9/8	1	1	3/16		1/8	3/2	1	-5	73		17
4	4	0	0	9/8	2	1	3/4		1/2	3/2	1	-3	63		25
4	4	0	0	9/8	2	1	3/4		1/2	3/2	1	-6	66		25
4	4	0	0	9/8	1	1	1/8		1/8	1	-1	-2	70		21
4	4	0	0	9/8	1	1	1/8		1/8	1	-1	-5	73		21
4	4	1/8	1/8	9/8	1	1	1/8		1/8	1		-4	68		22
4	4	1/8	1/8	9/8	1	1	1/8		1/8	1		0	72		22
4	4	1/4	1/4	9/8	1	1	1/8		1/8	1		-2	70		23
4	4	1/4	1/4	9/8	1	1	1/8		1/8	1		-5	73		23
4	4	3/8	3/8	9/8	1	1	3/4		1/2	3/2		-4	68		24
4	4	3/8	3/8	9/8	1	1	3/4		1/2	3/2	1	0	72		24
4	4	3/4	3/4	9/8	2	1	3/8		1/4	3/2	-1	-3	63		26
4	4	3/4	3/4	9/8	2	1	3/8		1/4	3/2	-1	-6	66		26
5	5	0	0	9/8	2	1	3/4		1/2	3/2		-5	61		38
5	5	0	0	9/8	2	1	3/4		1/2	3/2		-3	63		38
5	5	0	0	9/8	1	2	3/4		1/2	3/2		-6	66		36
5	5	0	0	9/8	1	1	1/8		1/8	1	-1	0	72		27
5	5	1/8	1/8	9/8	1	1	1/8		1/8	1		-2	70		28
5	5	1/4	1/4	9/8	1	1	1/8		1/8	1		0	72		29
5	5	3/8	3/8	9/8	1	1	1/8		1/8	1		-2	70		30
5	5	1/2	1/2	9/8	1	1	1/8		1/8	1		-3	75		31
5	5	5/8	5/8	9/8	1	1	1/8		1/8	1		-2	70		32
5	5	3/4	3/4	9/8	2	1	3/8		1/4	3/2		0	60		39
5	5	3/4	3/4	9/8	2	1	3/8		1/4	3/2		-3	63		39
5	5	3/4	3/4	9/8	1	2	3/8		1/4	3/2		-6	66		37
5	5	3/4	3/4	9/8	1	1	1/8		1/8	1		-4	68		33
5	5	7/8	7/8	9/8	1	1	1/8		1/8	1		-2	70		34
5	5	1	1	9/8	1	1	1/8		1/8	1	1	-4	68		35
6	6	0	0	9/8	2	1	3/4		1/2	3/2		-2	58		47
6	6	0	0	9/8	2	1	3/4		1/2	3/2		-5	61		47
6	6	0	0	9/8	1	2	3/4		1/2	3/2		-3	63		45
6	6	0	0	9/8	1	1	1/8		1/8	1	-1	-4	68		40
6	6	1/8	1/8	9/8	1	1	1/8		1/8	1		-6	66		41
6	6	1/4	1/4	9/8	1	1	1/8		1/8	1		-4	68		42
6	6	3/8	3/8	9/8	1	1	3/8		1/4	3/2		-6	66		43
6	6	3/4	3/4	9/8	2	1	3/8		1/4	3/2		3	57		48
6	6	3/4	3/4	9/8	2	1	3/8		1/4	3/2		0	60		48
6	6	3/4	3/4	9/8	1	2	3/8		1/4	3/2		-3	63		46
6	6	3/4	3/4	9/8	1	1	3/8		1/4	3/2	1	-1	65		44
7	7	0	0	9/8	2	1	3/4		1/2	3/2		-4	56		60
7	7	0	0	9/8	2	1	3/4		1/2	3/2	1	-2	58		60
7	7	0	0	9/8	1	2	3/4		1/2	3/2	1	-5	61		58
7	7	0	0	9/8	1	1	1/8		1/8	1	-1	-1	65		49
7	7	1/8	1/8	9/8	1	1	1/8		1/8	1		-1	65		50
7	7	1/4	1/4	9/8	1	1	1/8		1/8	1		-6	66		51
7	7	3/8	3/8	9/8	1	1	1/8		1/8	1		-1	65		52
7	7	1/2	1/2	9/8	1	1	1/8		1/8	1		-2	70		53
7	7	5/8	5/8	9/8	1	1	1/8		1/8	1		-1	65		54
7	7	3/4	3/4	9/8	2	1	3/8		1/4	3/2		-6	54		61
7	7	3/4	3/4	9/8	2	1	3/8		1/4	3/2	-1	-2	58		61
7	7	3/4	3/4	9/8	1	2	3/8		1/4	3/2	-1	-5	61		59
7	7	3/4	3/4	9/8	1	1	1/8		1/8	1		-3	63		55
7	7	7/8	7/8	9/8	1	1	1/8		1/8	1		-1	65		56
7	7	1	1	9/8	1	1	1/8		1/8	1	1	-3	63		57
8	8	0	0	9/8	2	1	3/4		1/2	3/2		-1	53		69
8	8	0	0	9/8	2	1	3/4		1/2	3/2		-4	56		69
8	8	0	0	9/8	1	2	3/4		1/2	3/2		-2	58		67
8	8	0	0	9/8	1	1	1/8		1/8	1	-1	-3	63		62
8	8	1/8	1/8	9/8	1	1	1/8		1/8	1		-5	61		63
8	8	1/4	1/4	9/8	1	1	1/8		1/8	1		-3	63		64
8	8	3/8	3/8	9/8	1	1	3/8		1/4	3/2		-5	61		65
8	8	3/4	3/4	9/8	2	1	3/16		1/8	3/2		-3	51		70
8	8	3/4	3/4	9/8	2	1	3/16		1/8	3/2		-6	54		70
8	8	3/4	3/4	9/8	1	2	3/8		1/4	3/2		-4	56		68
8	8	3/4	3/4	9/8	1	1	3/8		1/4	3/2		0	60		66
8	8	15/16	15/16	9/8	2	1	3/16		1/8	3/2	1	-4	44		71
9	9	0	0	9/8	2	1	1/8		1/8	1		-5	37		74
9	9	0	0	9/8	2	1	1/8		1/8	1	-1	-4	44		74
9	9	1/8	1/8	9/8	2	1	1/8		1/8	1		-1	53		75
9	9	1/8	1/8	9/8	2	1	1/8		1/8	1		-4	56		75
9	9	1/4	1/4	9/8	2	1	1/8		1/8	1	1	-1	65		76
9	9	1/4	1/4	9/8	2	1	1/8		1/8	1	1	-4	68		76
9	9	3/8	3/8	9/8	2	1	3/4		1/2	3/2	-1	-1	65		77
9	9	3/8	3/8	9/8	2	1	3/4		1/2	3/2	-1	-4	68		77
9	9	3/8	3/8	9/8	1	1	3/8		1/4	3/2		-1	77		72
9	9	3/8	3/8	9/8	1	1	3/8		1/4	3/2		-4	80		72
9	9	3/4	3/4	9/8	1	1	3/8		1/4	3/2	1	-5	73		73
9	9	3/4	3/4	9/8	1	1	3/8		1/4	3/2	1	-1	77		73
10	10	0	0	9/8	2	2	3/4		1/2	3/2		-6	42		86
10	10	0	0	9/8	2	2	3/4		1/2	3/2		-5	49		86
10	10	0	0	9/8	1	1	1/8		1/8	1	-1	-5	73		78
10	10	0	0	9/8	1	1	1/8		1/8	1	-1	-1	77		78
10	10	1/8	1/8	9/8	2	1	1/4		1/4	1	1	-5	49		84
10	10	1/8	1/8	9/8	2	1	1/4		1/4	1	1	-6	54		84
10	10	1/8	1/8	9/8	2	1	1/4		1/4	1	1	-2	58		84
10	10	1/8	1/8	9/8	2	1	1/4		1/4	1	1	-5	61		84
10	10	1/8	1/8	9/8	1	2	1/4		1/4	1	1	-6	66		82
10	10	1/8	1/8	9/8	1	2	1/4		1/4	1	1	-2	70		82
10	10	1/8	1/8	9/8	1	1	1/8		1/8	1		-3	75		79
10	10	1/4	1/4	9/8	1	1	1/8		1/8	1		-1	77		80
10	10	3/8	3/8	9/8	2	1	3/4		1/2	3/2	-1	-5	49		85
10	10	3/8	3/8	9/8	2	1	3/4		1/2	3/2	-1	-6	54		85
10	10	3/8	3/8	9/8	2	1	3/4		1/2	3/2	-1	-2	58		85
10	10	3/8	3/8	9/8	2	1	3/4		1/2	3/2	-1	-5	61		85
10	10	3/8	3/8	9/8	1	2	3/4		1/2	3/2	-1	-6	66		83
10	10	3/8	3/8	9/8	1	2	3/4		1/2	3/2	-1	-2	70		83
10	10	3/8	3/8	9/8	1	1	3/4		1/2	3/2	1	-3	75		81
11	11	0	0	9/8	2	2	3/4		1/2	3/2		-1	41		98
11	11	0	0	9/8	2	2	3/4		1/2	3/2		-5	49		98
11	11	0	0	9/8	1	1	1/8		1/8	1	-1	-3	75		87
11	11	1/8	1/8	9/8	2	1	1/4		1/4	1		-1	53		95
11	11	1/8	1/8	9/8	2	1	1/4		1/4	1		-4	56		95
11	11	1/8	1/8	9/8	1	1	1/8		1/8	1		-5	61		88
11	11	1/8	1/8	9/8	1	2	1/4		1/4	1		-4	68		92
11	11	1/8	1/8	9/8	1	1	1/8		1/8	1		-5	73		88
11	11	1/4	1/4	9/8	1	1	1/8		1/8	1		-3	63		89
11	11	1/4	1/4	9/8	1	1	1/8		1/8	1		-3	75		89
11	11	3/8	3/8	9/8	2	1	3/8		1/4	3/2		-5	61		96
11	11	3/8	3/8	9/8	2	1	3/8		1/4	3/2		-1	65		96
11	11	3/8	3/8	9/8	1	1	3/8		1/4	3/2		-4	68		90
11	11	3/8	3/8	9/8	1	2	3/8		1/4	3/2		-5	73		93
11	11	3/8	3/8	9/8	1	1	3/8		1/4	3/2		-4	80		90
11	11	3/4	3/4	9/8	2	1	3/8		1/4	3/2		-4	56		97
11	11	3/4	3/4	9/8	2	1	3/8		1/4	3/2		-5	61		97
11	11	3/4	3/4	9/8	1	1	3/8		1/4	3/2		-1	65		91
11	11	3/4	3/4	9/8	1	2	3/8		1/4	3/2		-5	73		94
11	11	3/4	3/4	9/8	1	1	3/8		1/4	3/2	1	-1	77		91
12	12	0	0	9/8	2	2	3/4		1/2	3/2		-6	42		108
12	12	0	0	9/8	2	2	3/4		1/2	3/2		-5	49		108
12	12	0	0	9/8	1	1	1/8		1/8	1	-1	-1	77		99
12	12	1/8	1/8	9/8	2	1	1/4		1/4	1	1	-5	49		106
12	12	1/8	1/8	9/8	2	1	1/4		1/4	1	1	-6	54		106
12	12	1/8	1/8	9/8	2	1	1/4		1/4	1	1	-2	58		106
12	12	1/8	1/8	9/8	2	1	1/4		1/4	1	1	-5	61		106
12	12	1/8	1/8	9/8	1	2	1/4		1/4	1	1	-6	66		104
12	12	1/8	1/8	9/8	1	2	1/4		1/4	1	1	-2	70		104
12	12	1/8	1/8	9/8	1	1	1/8		1/8	1		-3	75		100
12	12	1/4	1/4	9/8	1	1	1/8		1/8	1		-1	77		101
12	12	3/8	3/8	9/8	2	1	3/4		1/2	3/2	-1	-5	49		107
12	12	3/8	3/8	9/8	2	1	3/4		1/2	3/2	-1	-6	54		107
12	12	3/8	3/8	9/8	2	1	3/4		1/2	3/2	-1	-2	58		107
12	12	3/8	3/8	9/8	2	1	3/4		1/2	3/2	-1	-5	61		107
12	12	3/8	3/8	9/8	1	2	3/4		1/2	3/2	-1	-6	66		105
12	12	3/8	3/8	9/8	1	2	3/4		1/2	3/2	-1	-2	70		105
12	12	3/8	3/8	9/8	1	1	3/8		1/4	3/2		-3	75		102
12	12	3/4	3/4	9/8	1	1	3/8		1/4	3/2	1	-5	73		103
13	13	0	0	9/8	2	2	3/4		1/2	3/2		-4	44		121
13	13	0	0	9/8	1	1	1/8		1/8	1	-1	-5	73		109
13	13	1/8	1/8	9/8	2	1	1/4		1/4	1		-1	53		118
13	13	1/8	1/8	9/8	2	1	1/4		1/4	1		-7	59		118
13	13	1/8	1/8	9/8	1	1	1/8		1/8	1		-5	61		110
13	13	1/8	1/8	9/8	1	2	1/4		1/4	1		-4	68		116
13	13	1/8	1/8	9/8	1	1	1/8		1/8	1		-5	73		110
13	13	1/4	1/4	9/8	1	1	1/8		1/8	1		-3	63		111
13	13	1/4	1/4	9/8	1	1	1/8		1/8	1		-3	75		111
13	13	3/8	3/8	9/8	2	1	3/8		1/4	3/2	1	-7	59		119
13	13	3/8	3/8	9/8	2	1	3/8		1/4	3/2	1	-5	61		119
13	13	3/8	3/8	9/8	2	1	3/8		1/4	3/2	1	-1	65		119
13	13	3/8	3/8	9/8	1	1	3/16		1/8	3/2		-2	70		112
13	13	3/8	3/8	9/8	1	2	3/4		1/2	3/2		-1	77		117
13	13	3/8	3/8	9/8	1	1	3/16		1/8	3/2		-2	82		112
13	13	9/16	9/16	9/8	1	1	3/16		1/8	3/2	1	-4	68		113
13	13	9/16	9/16	9/8	1	1	3/16		1/8	3/2	1	-4	80		113
13	13	3/4	3/4	9/8	2	2	3/8		1/4	3/2		-4	44		122
13	13	3/4	3/4	9/8	2	1	1/8		1/8	1	-1	-7	59		120
13	13	3/4	3/4	9/8	2	1	1/8		1/8	1	-1	-5	61		120
13	13	3/4	3/4	9/8	2	1	1/8		1/8	1	-1	-1	65		120
13	13	3/4	3/4	9/8	1	1	3/16		1/8	3/2	-1	-4	68		114
13	13	3/4	3/4	9/8	1	1	3/16		1/8	3/2	-1	-4	80		114
13	13	15/16	15/16	9/8	1	1	3/16		1/8	3/2		-1	65		115
13	13	15/16	15/16	9/8	1	1	3/16		1/8	3/2	1	-1	77		115
14	14	0	0	9/8	2	3	3/4		1/2	3/2		-2	46		138
14	14	0	0	9/8	1	1	1/8		1/8	1	-1	-1	77		123
14	14	1/8	1/8	9/8	2	2	1/4		1/4	1		-1	53		136
14	14	1/8	1/8	9/8	2	2	1/4		1/4	1		-2	58		136
14	14	1/8	1/8	9/8	2	1	1/4		1/4	1	1	-3	63		132
14	14	1/8	1/8	9/8	1	2	1/4		1/4	1	1	-1	65		130
14	14	1/8	1/8	9/8	1	2	1/4		1/4	1	1	-2	70		130
14	14	1/8	1/8	9/8	1	1	1/8		1/8	1		-3	75		124
14	14	1/4	1/4	9/8	1	1	1/8		1/8	1		-1	77		125
14	14	3/8	3/8	9/8	2	2	3/4		1/2	3/2		-1	53		137
14	14	3/8	3/8	9/8	2	2	3/4		1/2	3/2		-2	58		137
14	14	3/8	3/8	9/8	2	1	3/16		1/8	3/2	-1	-3	63		133
14	14	3/8	3/8	9/8	1	2	3/4		1/2	3/2	-1	-1	65		131
14	14	3/8	3/8	9/8	1	2	3/4		1/2	3/2	-1	-2	70		131
14	14	3/8	3/8	9/8	1	1	3/16		1/8	3/2		-3	75		126
14	14	9/16	9/16	9/8	2	1	3/16		1/8	3/2	1	-5	61		134
14	14	9/16	9/16	9/8	1	1	3/16		1/8	3/2	1	-5	73		127
14	14	3/4	3/4	9/8	2	1	3/8		1/4	3/2	-1	-5	61		135
14	14	3/4	3/4	9/8	1	1	3/16		1/8	3/2	-1	-5	73		128
14	14	15/16	15/16	9/8	1	1	3/16		1/8	3/2		-2	70		129
15	15	0	0	9/8	2	2	3/4		1/2	3/2		-3	27		153
15	15	0	0	9/8	2	2	3/4		1/2	3/2		-3	39		153
15	15	3/16	3/16	9/8	2	1	3/16		1/8	3/2	1	-1	65		146
15	15	3/16	3/16	9/8	2	1	3/16		1/8	3/2	1	-6	66		146
15	15	3/16	3/16	9/8	2	1	3/16		1/8	3/2	1	-2	70		146
15	15	3/16	3/16	9/8	1	1	3/16		1/8	3/2	1	-1	77		139
15	15	3/16	3/16	9/8	1	1	3/16		1/8	3/2	1	-2	82		139
15	15	3/16	3/16	9/8	1	1	3/16		1/8	3/2	1	-1	89		139
15	15	3/8	3/8	9/8	2	1	1/8		1/8	1	-1	-1	65		147
15	15	3/8	3/8	9/8	2	1	1/8		1/8	1	-1	-6	66		147
15	15	3/8	3/8	9/8	2	1	1/8		1/8	1	-1	-2	70		147
15	15	3/8	3/8	9/8	1	1	1/8		1/8	1	-1	-1	77		140
15	15	3/8	3/8	9/8	1	1	1/8		1/8	1	-1	-2	82		140
15	15	3/8	3/8	9/8	1	1	1/8		1/8	1	-1	-1	89		140
15	15	1/2	1/2	9/8	2	1	1/8		1/8	1		-3	63		148
15	15	1/2	1/2	9/8	2	1	1/8		1/8	1		-6	66		148
15	15	1/2	1/2	9/8	2	1	1/8		1/8	1		-2	70		148
15	15	1/2	1/2	9/8	1	1	1/8		1/8	1		-3	75		141
15	15	1/2	1/2	9/8	1	1	1/8		1/8	1		-2	82		141
15	15	1/2	1/2	9/8	1	1	1/8		1/8	1		-3	87		141
15	15	5/8	5/8	9/8	2	1	1/8		1/8	1		-3	63		149
15	15	5/8	5/8	9/8	2	1	1/8		1/8	1		-6	66		149
15	15	5/8	5/8	9/8	2	1	1/8		1/8	1		-2	70		149
15	15	5/8	5/8	9/8	1	1	1/8		1/8	1		-3	75		142
15	15	5/8	5/8	9/8	1	1	1/8		1/8	1		-2	82		142
15	15	5/8	5/8	9/8	1	1	1/8		1/8	1		-3	87		142
15	15	3/4	3/4	9/8	2	1	1/8		1/8	1		-3	63		150
15	15	3/4	3/4	9/8	2	1	1/8		1/8	1		-6	66		150
15	15	3/4	3/4	9/8	2	1	1/8		1/8	1		-2	70		150
15	15	3/4	3/4	9/8	1	1	1/8		1/8	1		-3	75		143
15	15	3/4	3/4	9/8	1	1	1/8		1/8	1		-2	82		143
15	15	3/4	3/4	9/8	1	1	1/8		1/8	1		-3	87		143
15	15	7/8	7/8	9/8	2	1	1/8		1/8	1		-5	61		151
15	15	7/8	7/8	9/8	2	1	1/8		1/8	1		-6	66		151
15	15	7/8	7/8	9/8	2	1	1/8		1/8	1		-2	70		151
15	15	7/8	7/8	9/8	1	1	1/8		1/8	1		-5	73		144
15	15	7/8	7/8	9/8	1	1	1/8		1/8	1		-2	82		144
15	15	7/8	7/8	9/8	1	1	1/8		1/8	1		-5	85		144
15	15	1	1	9/8	2	1	1/8		1/8	1		-5	61		152
15	15	1	1	9/8	2	1	1/8		1/8	1		-6	66		152
15	15	1	1	9/8	2	1	1/8		1/8	1		-2	70		152
15	15	1	1	9/8	1	1	1/8		1/8	1		-5	73		145
15	15	1	1	9/8	1	1	1/8		1/8	1		-2	82		145
15	15	1	1	9/8	1	1	1/8		1/8	1		-5	85		145
16	16	0	0	9/8	2	1	1/8		1/8	1		-5	61		160
16	16	0	0	9/8	2	1	1/8		1/8	1		-6	66		160
16	16	0	0	9/8	2	1	1/8		1/8	1		-2	70		160
16	16	0	0	9/8	1	1	1/8		1/8	1		-5	73		154
16	16	0	0	9/8	1	1	1/8		1/8	1		-2	82		154
16	16	0	0	9/8	1	1	1/8		1/8	1		-5	85		154
16	16	1/8	1/8	9/8	2	1	1/8		1/8	1		0	60		161
16	16	1/8	1/8	9/8	2	1	1/8		1/8	1		-6	66		161
16	16	1/8	1/8	9/8	2	1	1/8		1/8	1		-2	70		161
16	16	1/8	1/8	9/8	1	1	1/8		1/8	1		0	72		155
16	16	1/8	1/8	9/8	1	1	1/8		1/8	1		-6	78		155
16	16	1/8	1/8	9/8	1	1	1/8		1/8	1		-2	82		155
16	16	1/8	1/8	9/8	1	1	1/8		1/8	1		0	84		155
16	16	1/4	1/4	9/8	2	1	1/8		1/8	1		0	60		162
16	16	1/4	1/4	9/8	2	1	1/8		1/8	1		-6	66		162
16	16	1/4	1/4	9/8	2	1	1/8		1/8	1		-2	70		162
16	16	1/4	1/4	9/8	1	1	1/8		1/8	1		0	72		156
16	16	1/4	1/4	9/8	1	1	1/8		1/8	1		-6	78		156
16	16	1/4	1/4	9/8	1	1	1/8		1/8	1		-2	82		156
16	16	1/4	1/4	9/8	1	1	1/8		1/8	1		0	84		156
16	16	3/8	3/8	9/8	2	1	3/16		1/8	3/2		0	60		163
16	16	3/8	3/8	9/8	2	1	3/16		1/8	3/2		-6	66		163
16	16	3/8	3/8	9/8	2	1	3/16		1/8	3/2		-2	70		163
16	16	3/8	3/8	9/8	1	1	3/16		1/8	3/2		0	72		157
16	16	3/8	3/8	9/8	1	1	3/16		1/8	3/2		-6	78		157
16	16	3/8	3/8	9/8	1	1	3/16		1/8	3/2		-2	82		157
16	16	3/8	3/8	9/8	1	1	3/16		1/8	3/2		0	84		157
16	16	9/16	9/16	9/8	2	1	3/16		1/8	3/2		-5	61		164
16	16	9/16	9/16	9/8	2	1	3/16		1/8	3/2		-6	66		164
16	16	9/16	9/16	9/8	2	1	3/16		1/8	3/2		-2	70		164
16	16	9/16	9/16	9/8	1	1	3/16		1/8	3/2		-5	73		158
16	16	9/16	9/16	9/8	1	1	3/16		1/8	3/2		-2	82		158
16	16	9/16	9/16	9/8	1	1	3/16		1/8	3/2		-5	85		158
16	16	3/4	3/4	9/8	2	1	3/8		1/4	3/2		-2	58		165
16	16	3/4	3/4	9/8	2	1	3/8		1/4	3/2		-5	61		165
16	16	3/4	3/4	9/8	2	1	3/8		1/4	3/2		-6	66		165
16	16	3/4	3/4	9/8	1	1	3/8		1/4	3/2		-2	70		159
16	16	3/4	3/4	9/8	1	1	3/8		1/4	3/2		-6	78		159
16	16	3/4	3/4	9/8	1	1	3/8		1/4	3/2		-2	82		159
17	17	0	0	9/8	2	2	3/4		1/2	3/2		-3	27		180
17	17	0	0	9/8	2	2	3/4		1/2	3/2		-3	39		180
17	17	0	0	9/8	2	2	3/4		1/2	3/2		-2	46		180
17	17	3/16	3/16	9/8	2	1	3/16		1/8	3/2	1	-1	65		173
17	17	3/16	3/16	9/8	2	1	3/16		1/8	3/2	1	-6	66		173
17	17	3/16	3/16	9/8	2	1	3/16		1/8	3/2	1	-2	70		173
17	17	3/16	3/16	9/8	1	1	3/16		1/8	3/2	1	-1	77		166
17	17	3/16	3/16	9/8	1	1	3/16		1/8	3/2	1	-2	82		166
17	17	3/16	3/16	9/8	1	1	3/16		1/8	3/2	1	-1	89		166
17	17	3/8	3/8	9/8	2	1	1/8		1/8	1	-1	-1	65		174
17	17	3/8	3/8	9/8	2	1	1/8		1/8	1	-1	-6	66		174
17	17	3/8	3/8	9/8	2	1	1/8		1/8	1	-1	-2	70		174
17	17	3/8	3/8	9/8	1	1	1/8		1/8	1	-1	-1	77		167
17	17	3/8	3/8	9/8	1	1	1/8		1/8	1	-1	-2	82		167
17	17	3/8	3/8	9/8	1	1	1/8		1/8	1	-1	-1	89		167
17	17	1/2	1/2	9/8	2	1	1/8		1/8	1		-6	66		175
17	17	1/2	1/2	9/8	2	1	1/8		1/8	1		-2	70		175
17	17	1/2	1/2	9/8	2	1	1/8		1/8	1		-3	75		175
17	17	1/2	1/2	9/8	1	1	1/8		1/8	1		-6	78		168
17	17	1/2	1/2	9/8	1	1	1/8		1/8	1		-2	82		168
17	17	1/2	1/2	9/8	1	1	1/8		1/8	1		-6	90		168
17	17	5/8	5/8	9/8	2	1	1/8		1/8	1		-1	65		176
17	17	5/8	5/8	9/8	2	1	1/8		1/8	1		-6	66		176
17	17	5/8	5/8	9/8	2	1	1/8		1/8	1		-2	70		176
17	17	5/8	5/8	9/8	1	1	1/8		1/8	1		-1	77		169
17	17	5/8	5/8	9/8	1	1	1/8		1/8	1		-2	82		169
17	17	5/8	5/8	9/8	1	1	1/8		1/8	1		-1	89		169
17	17	3/4	3/4	9/8	2	1	1/8		1/8	1		-3	63		177
17	17	3/4	3/4	9/8	2	1	1/8		1/8	1		-6	66		177
17	17	3/4	3/4	9/8	2	1	1/8		1/8	1		-2	70		177
17	17	3/4	3/4	9/8	1	1	1/8		1/8	1		-3	75		170
17	17	3/4	3/4	9/8	1	1	1/8		1/8	1		-2	82		170
17	17	3/4	3/4	9/8	1	1	1/8		1/8	1		-3	87		170
17	17	7/8	7/8	9/8	2	1	1/8		1/8	1		-1	65		178
17	17	7/8	7/8	9/8	2	1	1/8		1/8	1		-6	66		178
17	17	7/8	7/8	9/8	2	1	1/8		1/8	1		-2	70		178
17	17	7/8	7/8	9/8	1	1	1/8		1/8	1		-1	77		171
17	17	7/8	7/8	9/8	1	1	1/8		1/8	1		-2	82		171
17	17	7/8	7/8	9/8	1	1	1/8		1/8	1		-1	89		171
17	17	1	1	9/8	2	1	1/8		1/8	1		-3	63		179
17	17	1	1	9/8	2	1	1/8		1/8	1		-6	66		179
17	17	1	1	9/8	2	1	1/8		1/8	1		-2	70		179
17	17	1	1	9/8	1	1	1/8		1/8	1		-3	75		172
17	17	1	1	9/8	1	1	1/8		1/8	1		-2	82		172
17	17	1	1	9/8	1	1	1/8		1/8	1		-3	87		172
18	18	0	0	9/8	2	1	1/8		1/8	1		-5	61		188
18	18	0	0	9/8	2	1	1/8		1/8	1		-6	66		188
18	18	0	0	9/8	2	1	1/8		1/8	1		-2	70		188
18	18	0	0	9/8	1	1	1/8		1/8	1		-5	73		181
18	18	0	0	9/8	1	1	1/8		1/8	1		-2	82		181
18	18	0	0	9/8	1	1	1/8		1/8	1		-5	85		181
18	18	1/8	1/8	9/8	2	1	1/8		1/8	1		-3	63		189
18	18	1/8	1/8	9/8	2	1	1/8		1/8	1		-6	66		189
18	18	1/8	1/8	9/8	2	1	1/8		1/8	1		-2	70		189
18	18	1/8	1/8	9/8	1	1	1/8		1/8	1		-3	75		182
18	18	1/8	1/8	9/8	1	1	1/8		1/8	1		-2	82		182
18	18	1/8	1/8	9/8	1	1	1/8		1/8	1		-3	87		182
18	18	1/4	1/4	9/8	2	1	1/8		1/8	1		-5	61		190
18	18	1/4	1/4	9/8	2	1	1/8		1/8	1		-6	66		190
18	18	1/4	1/4	9/8	2	1	1/8		1/8	1		-2	70		190
18	18	1/4	1/4	9/8	1	1	1/8		1/8	1		-5	73		183
18	18	1/4	1/4	9/8	1	1	1/8		1/8	1		-2	82		183
18	18	1/4	1/4	9/8	1	1	1/8		1/8	1		-5	85		183
18	18	3/8	3/8	9/8	2	1	3/16		1/8	3/2		0	60		191
18	18	3/8	3/8	9/8	2	1	3/16		1/8	3/2		-6	66		191
18	18	3/8	3/8	9/8	2	1	3/16		1/8	3/2		-2	70		191
18	18	3/8	3/8	9/8	1	1	3/16		1/8	3/2		0	72		184
18	18	3/8	3/8	9/8	1	1	3/16		1/8	3/2		-2	82		184
18	18	3/8	3/8	9/8	1	1	3/16		1/8	3/2		0	84		184
18	18	9/16	9/16	9/8	1	1	0	acciaccatura	1/8	3/2		-3	87		185
18	18	9/16	9/16	9/8	2	1	3/16		1/8	3/2		-5	61		192
18	18	9/16	9/16	9/8	2	1	3/16		1/8	3/2		-6	66		192
18	18	9/16	9/16	9/8	2	1	3/16		1/8	3/2		-2	70		192
18	18	9/16	9/16	9/8	1	1	3/16		1/8	3/2		-5	73		186
18	18	9/16	9/16	9/8	1	1	3/16		1/8	3/2		-2	82		186
18	18	9/16	9/16	9/8	1	1	3/16		1/8	3/2		-5	85		186
18	18	3/4	3/4	9/8	2	1	3/8		1/4	3/2		-2	58		193
18	18	3/4	3/4	9/8	2	1	3/8		1/4	3/2		-3	63		193
18	18	3/4	3/4	9/8	2	1	3/8		1/4	3/2		-6	66		193
18	18	3/4	3/4	9/8	1	1	3/8		1/4	3/2	1	-2	70		187
18	18	3/4	3/4	9/8	1	1	3/8		1/4	3/2	1	-6	78		187
18	18	3/4	3/4	9/8	1	1	3/8		1/4	3/2	1	-2	82		187
19	19	0	0	9/8	2	2	3/4		1/2	3/2		-4	32		205
19	19	0	0	9/8	2	2	3/4		1/2	3/2		-4	44		205
19	19	0	0	9/8	1	1	3/16		1/8	3/2	-1	-2	70		194
19	19	0	0	9/8	1	1	3/16		1/8	3/2	-1	-6	78		194
19	19	0	0	9/8	1	1	3/16		1/8	3/2	-1	-2	82		194
19	19	3/16	3/16	9/8	2	1	3/16		1/8	3/2		-6	54		200
19	19	3/16	3/16	9/8	1	1	3/16		1/8	3/2		-6	66		195
19	19	3/16	3/16	9/8	1	1	3/16		1/8	3/2		-6	78		195
19	19	3/8	3/8	9/8	2	1	3/16		1/8	3/2		-4	56		201
19	19	3/8	3/8	9/8	2	1	3/16		1/8	3/2		0	60		201
19	19	3/8	3/8	9/8	2	1	3/16		1/8	3/2	1	-3	63		201
19	19	3/8	3/8	9/8	1	1	3/16		1/8	3/2		-4	68		196
19	19	3/8	3/8	9/8	1	1	3/16		1/8	3/2		-3	75		196
19	19	3/8	3/8	9/8	1	1	3/16		1/8	3/2		-4	80		196
19	19	9/16	9/16	9/8	2	1	3/16		1/8	3/2		0	60		202
19	19	9/16	9/16	9/8	2	1	3/16		1/8	3/2	-1	-3	63		202
19	19	9/16	9/16	9/8	1	1	3/16		1/8	3/2		0	72		197
19	19	9/16	9/16	9/8	1	1	3/16		1/8	3/2		0	84		197
19	19	3/4	3/4	9/8	2	1	3/16		1/8	3/2		-2	58		203
19	19	3/4	3/4	9/8	2	1	3/16		1/8	3/2	1	-3	63		203
19	19	3/4	3/4	9/8	2	1	3/16		1/8	3/2	1	-6	66		203
19	19	3/4	3/4	9/8	1	1	3/16		1/8	3/2		-2	70		198
19	19	3/4	3/4	9/8	1	1	3/16		1/8	3/2		-6	78		198
19	19	3/4	3/4	9/8	1	1	3/16		1/8	3/2		-2	82		198
19	19	15/16	15/16	9/8	2	1	3/16		1/8	3/2		-6	54		204
19	19	15/16	15/16	9/8	2	1	3/16		1/8	3/2	-1	-3	63		204
19	19	15/16	15/16	9/8	1	1	3/16		1/8	3/2		-6	66		199
19	19	15/16	15/16	9/8	2	1	3/16		1/8	3/2	-1	-6	66		204
19	19	15/16	15/16	9/8	1	1	3/16		1/8	3/2		-6	78		199
20	20	0	0	9/8	2	2	3/4		1/2	3/2		3	33		218
20	20	0	0	9/8	2	2	3/4		1/2	3/2		3	45		218
20	20	1/8	1/8	9/8	2	1	1/8		1/8	1		-6	54		212
20	20	1/8	1/8	9/8	2	1	1/8		1/8	1		0	60		212
20	20	1/8	1/8	9/8	2	1	1/8		1/8	1		-3	63		212
20	20	1/8	1/8	9/8	1	1	1/8		1/8	1		-6	66		206
20	20	1/8	1/8	9/8	1	1	1/8		1/8	1		0	72		206
20	20	1/8	1/8	9/8	1	1	1/8		1/8	1		-3	75		206
20	20	1/8	1/8	9/8	1	1	1/8		1/8	1		-6	78		206
20	20	1/4	1/4	9/8	2	1	1/8		1/8	1		-6	54		213
20	20	1/4	1/4	9/8	2	1	1/8		1/8	1		0	60		213
20	20	1/4	1/4	9/8	2	1	1/8		1/8	1		-3	63		213
20	20	1/4	1/4	9/8	1	1	1/8		1/8	1		-6	66		207
20	20	1/4	1/4	9/8	1	1	1/8		1/8	1		0	72		207
20	20	1/4	1/4	9/8	1	1	1/8		1/8	1		-3	75		207
20	20	1/4	1/4	9/8	1	1	1/8		1/8	1		-6	78		207
20	20	3/8	3/8	9/8	2	1	1/8		1/8	1		-6	54		214
20	20	3/8	3/8	9/8	2	1	1/8		1/8	1		0	60		214
20	20	3/8	3/8	9/8	2	1	1/8		1/8	1		-3	63		214
20	20	3/8	3/8	9/8	1	1	1/8		1/8	1		-6	66		208
20	20	3/8	3/8	9/8	1	1	1/8		1/8	1		0	72		208
20	20	3/8	3/8	9/8	1	1	1/8		1/8	1		-3	75		208
20	20	3/8	3/8	9/8	1	1	1/8		1/8	1		-6	78		208
20	20	1/2	1/2	9/8	2	1	1/8		1/8	1		-6	54		215
20	20	1/2	1/2	9/8	2	1	1/8		1/8	1		0	60		215
20	20	1/2	1/2	9/8	2	1	1/8		1/8	1		-3	63		215
20	20	1/2	1/2	9/8	1	1	1/8		1/8	1		-6	66		209
20	20	1/2	1/2	9/8	1	1	1/8		1/8	1		0	72		209
20	20	1/2	1/2	9/8	1	1	1/8		1/8	1		-3	75		209
20	20	1/2	1/2	9/8	1	1	1/8		1/8	1		-6	78		209
20	20	5/8	5/8	9/8	2	1	1/8		1/8	1		-4	56		216
20	20	5/8	5/8	9/8	2	1	1/8		1/8	1		0	60		216
20	20	5/8	5/8	9/8	2	1	1/8		1/8	1		-3	63		216
20	20	5/8	5/8	9/8	1	1	1/8		1/8	1		-4	68		210
20	20	5/8	5/8	9/8	1	1	1/8		1/8	1		0	72		210
20	20	5/8	5/8	9/8	1	1	1/8		1/8	1		-3	75		210
20	20	5/8	5/8	9/8	1	1	1/8		1/8	1		-4	80		210
20	20	3/4	3/4	9/8	2	1	3/8		1/4	3/2		-6	54		217
20	20	3/4	3/4	9/8	2	1	3/8		1/4	3/2		0	60		217
20	20	3/4	3/4	9/8	2	1	3/8		1/4	3/2		-3	63		217
20	20	3/4	3/4	9/8	1	1	3/8		1/4	3/2		-6	66		211
20	20	3/4	3/4	9/8	1	1	3/8		1/4	3/2		0	72		211
20	20	3/4	3/4	9/8	1	1	3/8		1/4	3/2		-3	75		211
20	20	3/4	3/4	9/8	1	1	3/8		1/4	3/2		-6	78		211
21	21	0	0	9/8	2	2	3/4		1/2	3/2		-2	34		229
21	21	0	0	9/8	2	2	3/4		1/2	3/2		-2	46		229
21	21	3/16	3/16	9/8	2	1	3/16		1/8	3/2		-6	54		224
21	21	3/16	3/16	9/8	2	1	3/16		1/8	3/2	1	-2	58		224
21	21	3/16	3/16	9/8	2	1	3/16		1/8	3/2	1	-5	61		224
21	21	3/16	3/16	9/8	1	1	3/16		1/8	3/2		-6	66		219
21	21	3/16	3/16	9/8	1	1	3/16		1/8	3/2	1	-5	73		219
21	21	3/16	3/16	9/8	1	1	3/16		1/8	3/2		-6	78		219
21	21	3/8	3/8	9/8	2	1	3/16		1/8	3/2		-4	56		225
21	21	3/8	3/8	9/8	2	1	3/16		1/8	3/2	0	-2	58		225
21	21	3/8	3/8	9/8	2	1	3/16		1/8	3/2	-1	-5	61		225
21	21	3/8	3/8	9/8	1	1	3/16		1/8	3/2		-4	68		220
21	21	3/8	3/8	9/8	1	1	3/16		1/8	3/2	-1	-5	73		220
21	21	3/8	3/8	9/8	1	1	3/16		1/8	3/2		-4	80		220
21	21	9/16	9/16	9/8	2	1	3/16		1/8	3/2	-1	-2	58		226
21	21	9/16	9/16	9/8	2	1	3/16		1/8	3/2		-5	61		226
21	21	9/16	9/16	9/8	1	1	3/16		1/8	3/2		-5	73		221
21	21	9/16	9/16	9/8	1	1	3/16		1/8	3/2		-5	85		221
21	21	3/4	3/4	9/8	2	1	3/16		1/8	3/2		-2	58		227
21	21	3/4	3/4	9/8	2	1	3/16		1/8	3/2	1	-5	61		227
21	21	3/4	3/4	9/8	2	1	3/16		1/8	3/2	1	-6	66		227
21	21	3/4	3/4	9/8	1	1	3/16		1/8	3/2		-2	70		222
21	21	3/4	3/4	9/8	1	1	3/16		1/8	3/2		-6	78		222
21	21	3/4	3/4	9/8	1	1	3/16		1/8	3/2		-2	82		222
21	21	15/16	15/16	9/8	2	1	3/16		1/8	3/2		-6	54		228
21	21	15/16	15/16	9/8	2	1	3/16		1/8	3/2	-1	-5	61		228
21	21	15/16	15/16	9/8	1	1	3/16		1/8	3/2		-6	66		223
21	21	15/16	15/16	9/8	2	1	3/16		1/8	3/2	-1	-6	66		228
21	21	15/16	15/16	9/8	1	1	3/16		1/8	3/2		-6	78		223
22	22	0	0	9/8	2	2	3/4		1/2	3/2		0	36		242
22	22	0	0	9/8	2	2	3/4		1/2	3/2		0	48		242
22	22	1/8	1/8	9/8	2	1	1/8		1/8	1		-6	54		236
22	22	1/8	1/8	9/8	2	1	1/8		1/8	1		-2	58		236
22	22	1/8	1/8	9/8	2	1	1/8		1/8	1		-3	63		236
22	22	1/8	1/8	9/8	1	1	1/8		1/8	1		-6	66		230
22	22	1/8	1/8	9/8	1	1	1/8		1/8	1		-2	70		230
22	22	1/8	1/8	9/8	1	1	1/8		1/8	1		-3	75		230
22	22	1/8	1/8	9/8	1	1	1/8		1/8	1		-6	78		230
22	22	1/4	1/4	9/8	2	1	1/8		1/8	1		-6	54		237
22	22	1/4	1/4	9/8	2	1	1/8		1/8	1		-2	58		237
22	22	1/4	1/4	9/8	2	1	1/8		1/8	1		-3	63		237
22	22	1/4	1/4	9/8	1	1	1/8		1/8	1		-6	66		231
22	22	1/4	1/4	9/8	1	1	1/8		1/8	1		-2	70		231
22	22	1/4	1/4	9/8	1	1	1/8		1/8	1		-3	75		231
22	22	1/4	1/4	9/8	1	1	1/8		1/8	1		-6	78		231
22	22	3/8	3/8	9/8	2	1	1/8		1/8	1		-6	54		238
22	22	3/8	3/8	9/8	2	1	1/8		1/8	1		-2	58		238
22	22	3/8	3/8	9/8	2	1	1/8		1/8	1		-3	63		238
22	22	3/8	3/8	9/8	1	1	1/8		1/8	1		-6	66		232
22	22	3/8	3/8	9/8	1	1	1/8		1/8	1		-2	70		232
22	22	3/8	3/8	9/8	1	1	1/8		1/8	1		-3	75		232
22	22	3/8	3/8	9/8	1	1	1/8		1/8	1		-6	78		232
22	22	1/2	1/2	9/8	2	1	1/8		1/8	1		-6	54		239
22	22	1/2	1/2	9/8	2	1	1/8		1/8	1		-2	58		239
22	22	1/2	1/2	9/8	2	1	1/8		1/8	1		-3	63		239
22	22	1/2	1/2	9/8	1	1	1/8		1/8	1		-6	66		233
22	22	1/2	1/2	9/8	1	1	1/8		1/8	1		-2	70		233
22	22	1/2	1/2	9/8	1	1	1/8		1/8	1		-3	75		233
22	22	1/2	1/2	9/8	1	1	1/8		1/8	1		-6	78		233
22	22	5/8	5/8	9/8	2	1	1/8		1/8	1		-4	56		240
22	22	5/8	5/8	9/8	2	1	1/8		1/8	1		0	60		240
22	22	5/8	5/8	9/8	2	1	1/8		1/8	1		-1	65		240
22	22	5/8	5/8	9/8	1	1	1/8		1/8	1		-4	68		234
22	22	5/8	5/8	9/8	1	1	1/8		1/8	1		0	72		234
22	22	5/8	5/8	9/8	1	1	1/8		1/8	1		-1	77		234
22	22	5/8	5/8	9/8	1	1	1/8		1/8	1		-4	80		234
22	22	3/4	3/4	9/8	2	1	3/8		1/4	3/2		-6	54		241
22	22	3/4	3/4	9/8	2	1	3/8		1/4	3/2		-2	58		241
22	22	3/4	3/4	9/8	2	1	3/8		1/4	3/2		-3	63		241
22	22	3/4	3/4	9/8	1	1	3/8		1/4	3/2		-6	66		235
22	22	3/4	3/4	9/8	1	1	3/8		1/4	3/2		-2	70		235
22	22	3/4	3/4	9/8	1	1	3/8		1/4	3/2		-3	75		235
22	22	3/4	3/4	9/8	1	1	3/8		1/4	3/2		-6	78		235
23	23	0	0	9/8	2	2	3/4		1/2	3/2		-5	37		253
23	23	0	0	9/8	2	2	3/4		1/2	3/2		-5	49		253
23	23	3/16	3/16	9/8	2	1	3/16		1/8	3/2		-6	54		248
23	23	3/16	3/16	9/8	2	1	3/16		1/8	3/2	1	-2	58		248
23	23	3/16	3/16	9/8	2	1	3/16		1/8	3/2	1	-5	61		248
23	23	3/16	3/16	9/8	1	1	3/16		1/8	3/2		-6	66		243
23	23	3/16	3/16	9/8	1	1	3/16		1/8	3/2	1	-2	70		243
23	23	3/16	3/16	9/8	1	1	3/16		1/8	3/2	1	-5	73		243
23	23	3/16	3/16	9/8	1	1	3/16		1/8	3/2		-6	78		243
23	23	3/8	3/8	9/8	2	1	3/16		1/8	3/2		-4	56		249
23	23	3/8	3/8	9/8	2	1	3/16		1/8	3/2	0	-2	58		249
23	23	3/8	3/8	9/8	2	1	3/16		1/8	3/2	0	-5	61		249
23	23	3/8	3/8	9/8	1	1	3/16		1/8	3/2		-4	68		244
23	23	3/8	3/8	9/8	1	1	3/16		1/8	3/2	0	-2	70		244
23	23	3/8	3/8	9/8	1	1	3/16		1/8	3/2	0	-5	73		244
23	23	3/8	3/8	9/8	1	1	3/16		1/8	3/2		-6	78		244
23	23	9/16	9/16	9/8	2	1	3/16		1/8	3/2	-1	-2	58		250
23	23	9/16	9/16	9/8	2	1	3/16		1/8	3/2	-1	-5	61		250
23	23	9/16	9/16	9/8	2	1	3/16		1/8	3/2		-3	63		250
23	23	9/16	9/16	9/8	1	1	3/16		1/8	3/2	-1	-2	70		245
23	23	9/16	9/16	9/8	1	1	3/16		1/8	3/2	-1	-5	73		245
23	23	9/16	9/16	9/8	1	1	3/16		1/8	3/2		-3	75		245
23	23	9/16	9/16	9/8	1	1	3/16		1/8	3/2		-3	87		245
23	23	3/4	3/4	9/8	2	1	3/16		1/8	3/2		-5	61		251
23	23	3/4	3/4	9/8	2	1	3/16		1/8	3/2	1	-6	66		251
23	23	3/4	3/4	9/8	2	1	3/16		1/8	3/2	1	-2	70		251
23	23	3/4	3/4	9/8	1	1	3/16		1/8	3/2		-5	73		246
23	23	3/4	3/4	9/8	1	1	3/16		1/8	3/2	1	-6	78		246
23	23	3/4	3/4	9/8	1	1	3/16		1/8	3/2		-2	82		246
23	23	3/4	3/4	9/8	1	1	3/16		1/8	3/2		-5	85		246
23	23	15/16	15/16	9/8	2	1	3/16		1/8	3/2		-2	58		252
23	23	15/16	15/16	9/8	2	1	3/16		1/8	3/2	-1	-6	66		252
23	23	15/16	15/16	9/8	1	1	3/16		1/8	3/2		-2	70		247
23	23	15/16	15/16	9/8	2	1	3/16		1/8	3/2	-1	-2	70		252
23	23	15/16	15/16	9/8	1	1	3/16		1/8	3/2	-1	-6	78		247
23	23	15/16	15/16	9/8	1	1	3/16		1/8	3/2		-2	82		247
24	24	0	0	9/8	2	2	3/4		1/2	3/2		-3	39		270
24	24	0	0	9/8	2	2	3/4		1/2	3/2		-3	51		270
24	24	1/8	1/8	9/8	2	1	1/8		1/8	1		-2	58		262
24	24	1/8	1/8	9/8	2	1	1/8		1/8	1		-5	61		262
24	24	1/8	1/8	9/8	2	1	1/8		1/8	1		-6	66		262
24	24	1/8	1/8	9/8	1	1	1/8		1/8	1		-2	70		254
24	24	1/8	1/8	9/8	1	1	1/8		1/8	1		-6	78		254
24	24	1/8	1/8	9/8	1	1	1/8		1/8	1		-2	82		254
24	24	1/4	1/4	9/8	2	1	1/8		1/8	1		-2	58		263
24	24	1/4	1/4	9/8	2	1	1/8		1/8	1		-5	61		263
24	24	1/4	1/4	9/8	2	1	1/8		1/8	1		-6	66		263
24	24	1/4	1/4	9/8	1	1	1/8		1/8	1		-2	70		255
24	24	1/4	1/4	9/8	1	1	1/8		1/8	1		-6	78		255
24	24	1/4	1/4	9/8	1	1	1/8		1/8	1		-2	82		255
24	24	3/8	3/8	9/8	2	1	1/8		1/8	1		-2	58		264
24	24	3/8	3/8	9/8	2	1	1/8		1/8	1		-5	61		264
24	24	3/8	3/8	9/8	2	1	1/8		1/8	1		-6	66		264
24	24	3/8	3/8	9/8	1	1	1/8		1/8	1		-2	70		256
24	24	3/8	3/8	9/8	1	1	1/8		1/8	1		-6	78		256
24	24	3/8	3/8	9/8	1	1	1/8		1/8	1		-2	82		256
24	24	1/2	1/2	9/8	2	1	1/8		1/8	1		-2	58		265
24	24	1/2	1/2	9/8	2	1	1/8		1/8	1		-5	61		265
24	24	1/2	1/2	9/8	2	1	1/8		1/8	1		-6	66		265
24	24	1/2	1/2	9/8	1	1	1/8		1/8	1		-2	70		257
24	24	1/2	1/2	9/8	1	1	1/8		1/8	1		-6	78		257
24	24	1/2	1/2	9/8	1	1	1/8		1/8	1		-2	82		257
24	24	5/8	5/8	9/8	2	1	1/8		1/8	1		0	60		266
24	24	5/8	5/8	9/8	2	1	1/8		1/8	1		-3	63		266
24	24	5/8	5/8	9/8	2	1	1/8		1/8	1		-4	68		266
24	24	5/8	5/8	9/8	1	1	1/8		1/8	1		0	72		258
24	24	5/8	5/8	9/8	1	1	1/8		1/8	1		-4	80		258
24	24	5/8	5/8	9/8	1	1	1/8		1/8	1		0	84		258
24	24	3/4	3/4	9/8	2	1	1/8		1/8	1		-2	58		267
24	24	3/4	3/4	9/8	2	1	1/8		1/8	1		-5	61		267
24	24	3/4	3/4	9/8	2	1	1/8		1/8	1		-6	66		267
24	24	3/4	3/4	9/8	1	1	1/8		1/8	1		-2	70		259
24	24	3/4	3/4	9/8	1	1	1/8		1/8	1		-6	78		259
24	24	3/4	3/4	9/8	1	1	1/8		1/8	1		-2	82		259
24	24	7/8	7/8	9/8	2	1	1/8		1/8	1		-5	61		268
24	24	7/8	7/8	9/8	2	1	1/8		1/8	1		-6	66		268
24	24	7/8	7/8	9/8	2	1	1/8		1/8	1		-2	70		268
24	24	7/8	7/8	9/8	1	1	1/8		1/8	1		-5	73		260
24	24	7/8	7/8	9/8	1	1	1/8		1/8	1		-2	82		260
24	24	7/8	7/8	9/8	1	1	1/8		1/8	1		-5	85		260
24	24	1	1	9/8	2	1	1/8		1/8	1		-3	63		269
24	24	1	1	9/8	2	1	1/8		1/8	1		-6	66		269
24	24	1	1	9/8	2	1	1/8		1/8	1		-2	70		269
24	24	1	1	9/8	1	1	1/8		1/8	1		-3	75		261
24	24	1	1	9/8	1	1	1/8		1/8	1		-2	82		261
24	24	1	1	9/8	1	1	1/8		1/8	1		-3	87		261
25	25	0	0	9/8	2	1	3/4		1/2	3/2		-1	65		273
25	25	0	0	9/8	1	1	3/4		1/2	3/2		-4	68		271
25	25	0	0	9/8	2	1	3/4		1/2	3/2		-4	68		273
25	25	0	0	9/8	1	1	3/4		1/2	3/2		-5	73		271
25	25	0	0	9/8	2	1	3/4		1/2	3/2		-5	73		273
25	25	0	0	9/8	2	1	3/4		1/2	3/2		-1	77		273
25	25	0	0	9/8	1	1	3/4		1/2	3/2		-4	80		271
25	25	3/4	3/4	9/8	2	1	3/8		1/4	3/2		-8	64		274
25	25	3/4	3/4	9/8	1	1	3/8		1/4	3/2		-4	68		272
25	25	3/4	3/4	9/8	2	1	3/8		1/4	3/2		-4	68		274
25	25	3/4	3/4	9/8	2	1	3/8		1/4	3/2		-2	70		274
25	25	3/4	3/4	9/8	1	1	3/8		1/4	3/2		-5	73		272
25	25	3/4	3/4	9/8	2	1	3/8		1/4	3/2		-5	73		274
25	25	3/4	3/4	9/8	2	1	3/8		1/4	3/2		-8	76		274
25	25	3/4	3/4	9/8	1	1	3/8		1/4	3/2		-4	80		272
26	26	0	0	9/8	2	1	3/4		1/2	3/2		-3	63		277
26	26	0	0	9/8	2	1	3/4		1/2	3/2		-6	66		277
26	26	0	0	9/8	1	1	3/4		1/2	3/2		-4	68		275
26	26	0	0	9/8	2	1	3/4		1/2	3/2		-4	68		277
26	26	0	0	9/8	1	1	3/4		1/2	3/2		-5	73		275
26	26	0	0	9/8	2	1	3/4		1/2	3/2		-5	73		277
26	26	0	0	9/8	2	1	3/4		1/2	3/2		-3	75		277
26	26	0	0	9/8	1	1	3/4		1/2	3/2		-4	80		275
26	26	3/4	3/4	9/8	2	1	3/8		1/4	3/2		-4	56		278
26	26	3/4	3/4	9/8	2	1	3/8		1/4	3/2		-3	63		278
26	26	3/4	3/4	9/8	2	1	3/8		1/4	3/2		-6	66		278
26	26	3/4	3/4	9/8	1	1	3/8		1/4	3/2		-4	68		276
26	26	3/4	3/4	9/8	2	1	3/8		1/4	3/2		0	72		278
26	26	3/4	3/4	9/8	1	1	3/8		1/4	3/2		-3	75		276
26	26	3/4	3/4	9/8	1	1	3/8		1/4	3/2		-4	80		276
27	27	0	0	9/8	2	1	1/16		1/16	1		-5	37		283
27	27	0	0	9/8	2	2	3/8		1/4	3/2		-5	37		301
27	27	0	0	9/8	1	1	3/4		1/2	3/2		-1	65		279
27	27	0	0	9/8	1	1	3/4		1/2	3/2		-4	68		279
27	27	1/16	1/16	9/8	2	1	1/16		1/16	1		-4	44		284
27	27	1/8	1/8	9/8	2	1	1/16		1/16	1		-5	49		285
27	27	3/16	3/16	9/8	2	1	1/16		1/16	1		-1	53		286
27	27	1/4	1/4	9/8	2	1	1/16		1/16	1		-4	56		287
27	27	5/16	5/16	9/8	2	1	1/16		1/16	1		-5	61		288
27	27	3/8	3/8	9/8	2	1	1/16		1/16	1		-1	41		289
27	27	3/8	3/8	9/8	2	2	3/8		1/4	3/2		-1	41		302
27	27	7/16	7/16	9/8	2	1	1/16		1/16	1		0	48		290
27	27	1/2	1/2	9/8	2	1	1/16		1/16	1		-1	53		291
27	27	9/16	9/16	9/8	2	1	1/16		1/16	1		-4	56		292
27	27	5/8	5/8	9/8	2	1	1/16		1/16	1		0	60		293
27	27	11/16	11/16	9/8	2	1	1/16		1/16	1		-1	65		294
27	27	3/4	3/4	9/8	2	1	1/16		1/16	1		-4	44		295
27	27	3/4	3/4	9/8	2	2	3/8		1/4	3/2		-4	44		303
27	27	3/4	3/4	9/8	1	2	3/8		1/4	3/2		-4	68		282
27	27	3/4	3/4	9/8	1	1	1/4		1/4	1		-7	71		280
27	27	13/16	13/16	9/8	2	1	1/16		1/16	1		-8	52		296
27	27	7/8	7/8	9/8	2	1	1/16		1/16	1		-4	56		297
27	27	15/16	15/16	9/8	2	1	1/16		1/16	1		-7	59		298
27	27	1	1	9/8	2	1	1/16		1/16	1		-8	64		299
27	27	1	1	9/8	1	1	1/8		1/8	1		-5	73		281
27	27	17/16	17/16	9/8	2	1	1/16		1/16	1		-4	68		300
28	28	0	0	9/8	2	1	1/16		1/16	1		-5	37		307
28	28	0	0	9/8	2	2	3/8		1/4	3/2		-5	37		325
28	28	0	0	9/8	1	1	3/4		1/2	3/2		-1	65		304
28	28	0	0	9/8	1	1	3/4		1/2	3/2		-4	68		304
28	28	1/16	1/16	9/8	2	1	1/16		1/16	1		-4	44		308
28	28	1/8	1/8	9/8	2	1	1/16		1/16	1		-5	49		309
28	28	3/16	3/16	9/8	2	1	1/16		1/16	1		-1	53		310
28	28	1/4	1/4	9/8	2	1	1/16		1/16	1		-4	56		311
28	28	5/16	5/16	9/8	2	1	1/16		1/16	1		-5	61		312
28	28	3/8	3/8	9/8	2	1	1/16		1/16	1		-1	41		313
28	28	3/8	3/8	9/8	2	2	3/8		1/4	3/2		-1	41		326
28	28	7/16	7/16	9/8	2	1	1/16		1/16	1		0	48		314
28	28	1/2	1/2	9/8	2	1	1/16		1/16	1		-1	53		315
28	28	9/16	9/16	9/8	2	1	1/16		1/16	1		-4	56		316
28	28	5/8	5/8	9/8	2	1	1/16		1/16	1		0	60		317
28	28	11/16	11/16	9/8	2	1	1/16		1/16	1		-1	65		318
28	28	3/4	3/4	9/8	2	1	1/16		1/16	1		-4	44		319
28	28	3/4	3/4	9/8	2	2	3/8		1/4	3/2		-4	44		327
28	28	3/4	3/4	9/8	1	1	1/4		1/4	1		-7	71		305
28	28	13/16	13/16	9/8	2	1	1/16		1/16	1		-8	52		320
28	28	7/8	7/8	9/8	2	1	1/16		1/16	1		-4	56		321
28	28	15/16	15/16	9/8	2	1	1/16		1/16	1		-7	59		322
28	28	1	1	9/8	2	1	1/16		1/16	1		-4	68		323
28	28	1	1	9/8	1	1	1/8		1/8	1		-4	68		306
28	28	17/16	17/16	9/8	2	1	1/16		1/16	1		-8	64		324
29	29	0	0	9/8	2	1	1/16		1/16	1		-5	37		333
29	29	0	0	9/8	1	1	1/4		1/4	1		-1	65		328
29	29	0	0	9/8	1	1	1/4		1/4	1		-5	73		328
29	29	1/16	1/16	9/8	2	1	1/16		1/16	1		-4	44		334
29	29	1/8	1/8	9/8	2	1	1/16		1/16	1		-5	49		335
29	29	3/16	3/16	9/8	2	1	1/16		1/16	1		-1	53		336
29	29	1/4	1/4	9/8	2	1	1/16		1/16	1		-4	56		337
29	29	1/4	1/4	9/8	1	1	1/8		1/8	1		-4	68		329
29	29	1/4	1/4	9/8	1	1	1/8		1/8	1		-3	75		329
29	29	5/16	5/16	9/8	2	1	1/16		1/16	1		-5	61		338
29	29	3/8	3/8	9/8	2	1	1/16		1/16	1		-1	65		339
29	29	3/8	3/8	9/8	1	1	3/8		1/4	3/2		-5	73		330
29	29	3/8	3/8	9/8	1	1	3/8		1/4	3/2		-1	77		330
29	29	7/16	7/16	9/8	2	1	1/16		1/16	1		-4	68		340
29	29	1/2	1/2	9/8	2	1	1/16		1/16	1		-1	65		341
29	29	9/16	9/16	9/8	2	1	1/16		1/16	1		-5	61		342
29	29	5/8	5/8	9/8	2	1	1/16		1/16	1		-4	56		343
29	29	11/16	11/16	9/8	2	1	1/16		1/16	1		-1	53		344
29	29	3/4	3/4	9/8	2	1	1/16		1/16	1		-4	56		345
29	29	3/4	3/4	9/8	1	1	1/4		1/4	1		-1	65		331
29	29	3/4	3/4	9/8	1	1	1/4		1/4	1		-5	73		331
29	29	13/16	13/16	9/8	2	1	1/16		1/16	1		-1	53		346
29	29	7/8	7/8	9/8	2	1	1/16		1/16	1		-5	49		347
29	29	15/16	15/16	9/8	2	1	1/16		1/16	1		-4	44		348
29	29	1	1	9/8	2	1	1/16		1/16	1		-5	49		349
29	29	1	1	9/8	1	1	1/8		1/8	1		-5	73		332
29	29	1	1	9/8	1	1	1/8		1/8	1		-1	77		332
29	29	17/16	17/16	9/8	2	1	1/16		1/16	1		-4	44		350
30	30	0	0	9/8	2	1	1/16		1/16	1		-3	39		360
30	30	0	0	9/8	1	1	1/8		1/8	1		-3	75		351
30	30	0	0	9/8	1	1	1/8		1/8	1		1	79		351
30	30	1/16	1/16	9/8	2	1	1/16		1/16	1		-2	46		361
30	30	1/8	1/8	9/8	2	1	1/16		1/16	1		-3	51		362
30	30	1/8	1/8	9/8	1	1	1/8		1/8	1		-5	73		352
30	30	1/8	1/8	9/8	1	1	1/8		1/8	1		-1	77		352
30	30	3/16	3/16	9/8	2	1	1/16		1/16	1		1	55		363
30	30	1/4	1/4	9/8	2	1	1/16		1/16	1		-2	58		364
30	30	1/4	1/4	9/8	1	1	1/8		1/8	1		-2	70		353
30	30	1/4	1/4	9/8	1	1	1/8		1/8	1		-5	73		353
30	30	5/16	5/16	9/8	2	1	1/16		1/16	1		-3	63		365
30	30	3/8	3/8	9/8	2	1	1/16		1/16	1		1	67		366
30	30	3/8	3/8	9/8	1	2	1/8		1/8	1		1	67		355
30	30	3/8	3/8	9/8	1	1	3/8		1/4	3/2		-2	70		354
30	30	3/8	3/8	9/8	1	1	3/8		1/4	3/2		-5	73		354
30	30	7/16	7/16	9/8	2	1	1/16		1/16	1		-3	63		367
30	30	1/2	1/2	9/8	2	1	1/16		1/16	1		-2	58		368
30	30	1/2	1/2	9/8	1	2	1/8		1/8	1		-1	65		356
30	30	9/16	9/16	9/8	2	1	1/16		1/16	1		1	55		369
30	30	5/8	5/8	9/8	2	1	1/16		1/16	1		-3	51		370
30	30	5/8	5/8	9/8	1	2	1/8		1/8	1		-5	61		357
30	30	11/16	11/16	9/8	2	1	1/16		1/16	1		-2	46		371
30	30	3/4	3/4	9/8	2	1	1/16		1/16	1		-3	39		372
30	30	3/4	3/4	9/8	1	2	3/16		1/8	3/2		-5	61		358
30	30	13/16	13/16	9/8	2	1	1/16		1/16	1		-2	46		373
30	30	7/8	7/8	9/8	2	1	1/16		1/16	1		-3	51		374
30	30	15/16	15/16	9/8	2	1	1/16		1/16	1		1	55		375
30	30	15/16	15/16	9/8	1	2	3/16		1/8	3/2		-2	58		359
30	30	1	1	9/8	2	1	1/16		1/16	1		-3	51		376
30	30	17/16	17/16	9/8	2	1	1/16		1/16	1		-2	46		377
31	31	0	0	9/8	2	1	1/16		1/16	1		-4	44		383
31	31	0	0	9/8	2	2	3/8		1/4	3/2		-4	44		400
31	31	0	0	9/8	1	1	3/4		1/2	3/2		-2	70		378
31	31	1/16	1/16	9/8	2	1	1/16		1/16	1		-3	51		384
31	31	1/8	1/8	9/8	2	1	1/16		1/16	1		-6	54		385
31	31	3/16	3/16	9/8	2	1	1/16		1/16	1		-2	58		386
31	31	1/4	1/4	9/8	2	1	1/16		1/16	1		0	60		387
31	31	5/16	5/16	9/8	2	1	1/16		1/16	1		-6	66		388
31	31	3/8	3/8	9/8	2	1	1/16		1/16	1		-6	42		389
31	31	3/8	3/8	9/8	2	2	3/8		1/4	3/2		-6	42		401
31	31	7/16	7/16	9/8	2	1	1/16		1/16	1		-5	49		390
31	31	1/2	1/2	9/8	2	1	1/16		1/16	1		-6	54		391
31	31	9/16	9/16	9/8	2	1	1/16		1/16	1		-2	58		392
31	31	5/8	5/8	9/8	2	1	1/16		1/16	1		-5	61		393
31	31	11/16	11/16	9/8	2	1	1/16		1/16	1		-6	66		394
31	31	3/4	3/4	9/8	2	1	1/16		1/16	1		-1	41		395
31	31	3/4	3/4	9/8	2	2	3/8		1/4	3/2		-1	41		402
31	31	3/4	3/4	9/8	1	1	1/4		1/4	1		0	72		379
31	31	13/16	13/16	9/8	2	1	1/16		1/16	1		0	48		396
31	31	7/8	7/8	9/8	2	1	1/16		1/16	1		-1	53		397
31	31	15/16	15/16	9/8	2	1	1/16		1/16	1		-4	56		398
31	31	1	1	9/8	2	1	1/8		1/8	1		0	60		399
31	31	1	1	9/8	1	2	1/16		1/16	1		-4	68		381
31	31	1	1	9/8	1	1	1/8		1/8	1		-1	77		380
31	31	17/16	17/16	9/8	1	2	1/16		1/16	1		-1	65		382
32	32	0	0	9/8	2	1	1/16		1/16	1		-4	44		408
32	32	0	0	9/8	2	2	3/8		1/4	3/2		-4	44		425
32	32	0	0	9/8	1	1	3/4		1/2	3/2		-2	70		403
32	32	1/16	1/16	9/8	2	1	1/16		1/16	1		-3	51		409
32	32	1/8	1/8	9/8	2	1	1/16		1/16	1		-6	54		410
32	32	3/16	3/16	9/8	2	1	1/16		1/16	1		-2	58		411
32	32	1/4	1/4	9/8	2	1	1/16		1/16	1		0	60		412
32	32	5/16	5/16	9/8	2	1	1/16		1/16	1		-6	66		413
32	32	3/8	3/8	9/8	2	1	1/16		1/16	1		-6	42		414
32	32	3/8	3/8	9/8	2	2	3/8		1/4	3/2		-6	42		426
32	32	7/16	7/16	9/8	2	1	1/16		1/16	1		-5	49		415
32	32	1/2	1/2	9/8	2	1	1/16		1/16	1		-6	54		416
32	32	9/16	9/16	9/8	2	1	1/16		1/16	1		-2	58		417
32	32	5/8	5/8	9/8	2	1	1/16		1/16	1		-5	61		418
32	32	11/16	11/16	9/8	2	1	1/16		1/16	1		-6	66		419
32	32	3/4	3/4	9/8	2	1	1/16		1/16	1		-1	41		420
32	32	3/4	3/4	9/8	2	2	3/8		1/4	3/2		-1	41		427
32	32	3/4	3/4	9/8	1	1	1/4		1/4	1		0	72		404
32	32	13/16	13/16	9/8	2	1	1/16		1/16	1		0	48		421
32	32	7/8	7/8	9/8	2	1	1/16		1/16	1		-1	53		422
32	32	15/16	15/16	9/8	2	1	1/16		1/16	1		-4	56		423
32	32	1	1	9/8	2	1	1/8		1/8	1		0	60		424
32	32	1	1	9/8	1	2	1/16		1/16	1		-4	68		406
32	32	1	1	9/8	1	1	1/8		1/8	1		-1	77		405
32	32	17/16	17/16	9/8	1	2	1/16		1/16	1		-1	65		407
33	33	0	0	9/8	2	1	1/16		1/16	1		-3	39		445
33	33	0	0	9/8	2	2	3/8		1/4	3/2		-3	39		455
33	33	0	0	9/8	1	1	3/8		1/4	3/2	1	-6	78		428
33	33	1/16	1/16	9/8	2	1	1/16		1/16	1		-2	46		446
33	33	1/8	1/8	9/8	2	1	1/16		1/16	1		-3	51		447
33	33	3/16	3/16	9/8	2	1	1/16		1/16	1		-6	54		448
33	33	1/4	1/4	9/8	2	1	1/16		1/16	1		-2	58		449
33	33	5/16	5/16	9/8	2	1	1/16		1/16	1		-3	63		450
33	33	3/8	3/8	9/8	2	1	3/16		1/4	3/4		-6	66		451
33	33	3/8	3/8	9/8	1	2	1/16		1/8	1/2		-6	78		433
33	33	3/8	3/8	9/8	1	1	3/16		1/4	3/4	-1	-6	78		429
33	33	7/16	7/16	9/8	1	2	1/16		1/8	1/2		-6	66		434
33	33	1/2	1/2	9/8	1	2	1/16		1/8	1/2		-2	70		435
33	33	9/16	9/16	9/8	2	1	3/16		1/4	3/4		-1	65		452
33	33	9/16	9/16	9/8	1	2	1/16		1/8	1/2		-1	77		436
33	33	9/16	9/16	9/8	1	1	3/16		1/4	3/4		-1	77		430
33	33	5/8	5/8	9/8	1	2	1/16		1/8	1/2		-6	66		437
33	33	11/16	11/16	9/8	1	2	1/16		1/8	1/2		-2	70		438
33	33	3/4	3/4	9/8	2	1	3/16		1/4	3/4		2	62		453
33	33	3/4	3/4	9/8	1	2	1/16		1/8	1/2		2	74		439
33	33	3/4	3/4	9/8	1	1	3/16		1/4	3/4		2	74		431
33	33	13/16	13/16	9/8	1	2	1/16		1/8	1/2		-6	66		440
33	33	7/8	7/8	9/8	1	2	1/16		1/8	1/2		-2	70		441
33	33	15/16	15/16	9/8	2	1	3/16		1/4	3/4		-3	63		454
33	33	15/16	15/16	9/8	1	2	1/16		1/8	1/2		-3	75		442
33	33	15/16	15/16	9/8	1	1	3/16		1/4	3/4		-3	75		432
33	33	1	1	9/8	1	2	1/16		1/8	1/2		-6	66		443
33	33	17/16	17/16	9/8	1	2	1/16		1/8	1/2		-2	70		444
34	34	0	0	9/8	2	1	1/16		1/16	1		2	62		458
34	34	0	0	9/8	2	2	3/8		1/4	3/2		2	62		476
34	34	0	0	9/8	1	1	3/4		1/2	3/2		-2	82		456
34	34	1/16	1/16	9/8	2	1	1/16		1/16	1		-6	66		459
34	34	1/8	1/8	9/8	2	1	1/16		1/16	1		-2	70		460
34	34	3/16	3/16	9/8	2	1	1/16		1/16	1		-2	70		461
34	34	1/4	1/4	9/8	2	1	1/16		1/16	1		-6	78		462
34	34	5/16	5/16	9/8	2	1	1/16		1/16	1		-2	82		463
34	34	3/8	3/8	9/8	2	1	1/16		1/16	1		-3	63		464
34	34	3/8	3/8	9/8	2	2	3/8		1/4	3/2		-3	63		477
34	34	7/16	7/16	9/8	2	1	1/16		1/16	1		-6	66		465
34	34	1/2	1/2	9/8	2	1	1/16		1/16	1		-2	70		466
34	34	9/16	9/16	9/8	2	1	1/16		1/16	1		-2	70		467
34	34	5/8	5/8	9/8	2	1	1/16		1/16	1		-6	78		468
34	34	11/16	11/16	9/8	2	1	1/16		1/16	1		-2	82		469
34	34	3/4	3/4	9/8	2	2	3/8		1/4	3/2		-4	56		478
34	34	3/4	3/4	9/8	2	1	1/16		1/16	1		0	60		470
34	34	3/4	3/4	9/8	1	1	3/8		1/4	3/2		-4	80		457
34	34	13/16	13/16	9/8	2	1	1/16		1/16	1		4	64		471
34	34	7/8	7/8	9/8	2	1	1/16		1/16	1		-4	68		472
34	34	15/16	15/16	9/8	2	1	1/16		1/16	1		0	72		473
34	34	1	1	9/8	2	1	1/16		1/16	1		4	76		474
34	34	17/16	17/16	9/8	2	1	1/16		1/16	1		-4	80		475
35	35	0	0	9/8	2	1	1/16		1/16	1		-5	49		482
35	35	0	0	9/8	2	2	3/8		1/4	3/2		-5	49		500
35	35	0	0	9/8	1	1	3/4		1/2	3/2		-1	77		479
35	35	0	0	9/8	1	1	3/4		1/2	3/2		-4	80		479
35	35	1/16	1/16	9/8	2	1	1/16		1/16	1		-4	56		483
35	35	1/8	1/8	9/8	2	1	1/16		1/16	1		-5	61		484
35	35	3/16	3/16	9/8	2	1	1/16		1/16	1		-1	65		485
35	35	1/4	1/4	9/8	2	1	1/16		1/16	1		-4	68		486
35	35	5/16	5/16	9/8	2	1	1/16		1/16	1		-5	73		487
35	35	3/8	3/8	9/8	2	2	3/8		1/4	3/2		-1	53		501
35	35	3/8	3/8	9/8	2	1	1/16		1/16	1		-4	56		488
35	35	7/16	7/16	9/8	2	1	1/16		1/16	1		0	60		489
35	35	1/2	1/2	9/8	2	1	1/16		1/16	1		-1	65		490
35	35	9/16	9/16	9/8	2	1	1/16		1/16	1		-4	68		491
35	35	5/8	5/8	9/8	2	1	1/16		1/16	1		0	72		492
35	35	11/16	11/16	9/8	2	1	1/16		1/16	1		-1	77		493
35	35	3/4	3/4	9/8	2	2	3/8		1/4	3/2		-4	56		502
35	35	3/4	3/4	9/8	2	1	1/16		1/16	1		-7	59		494
35	35	3/4	3/4	9/8	1	1	1/4		1/4	1		-4	80		480
35	35	3/4	3/4	9/8	1	1	1/4		1/4	1		-7	83		480
35	35	13/16	13/16	9/8	2	1	1/16		1/16	1		-8	64		495
35	35	7/8	7/8	9/8	2	1	1/16		1/16	1		-4	68		496
35	35	15/16	15/16	9/8	2	1	1/16		1/16	1		-7	71		497
35	35	1	1	9/8	2	1	1/16		1/16	1		-8	76		498
35	35	1	1	9/8	1	1	1/8		1/8	1		-5	85		481
35	35	17/16	17/16	9/8	2	1	1/16		1/16	1		-4	80		499
36	36	0	0	9/8	2	1	1/16		1/16	1		-5	49		506
36	36	0	0	9/8	2	2	3/8		1/4	3/2		-5	49		524
36	36	0	0	9/8	1	1	3/4		1/2	3/2		-1	77		503
36	36	0	0	9/8	1	1	3/4		1/2	3/2		-4	80		503
36	36	1/16	1/16	9/8	2	1	1/16		1/16	1		-4	56		507
36	36	1/8	1/8	9/8	2	1	1/16		1/16	1		-5	61		508
36	36	3/16	3/16	9/8	2	1	1/16		1/16	1		-1	65		509
36	36	1/4	1/4	9/8	2	1	1/16		1/16	1		-4	68		510
36	36	5/16	5/16	9/8	2	1	1/16		1/16	1		-5	73		511
36	36	3/8	3/8	9/8	2	2	3/8		1/4	3/2		-1	53		525
36	36	3/8	3/8	9/8	2	1	1/16		1/16	1		-4	56		512
36	36	7/16	7/16	9/8	2	1	1/16		1/16	1		0	60		513
36	36	1/2	1/2	9/8	2	1	1/16		1/16	1		-1	65		514
36	36	9/16	9/16	9/8	2	1	1/16		1/16	1		-4	68		515
36	36	5/8	5/8	9/8	2	1	1/16		1/16	1		0	72		516
36	36	11/16	11/16	9/8	2	1	1/16		1/16	1		-1	77		517
36	36	3/4	3/4	9/8	2	2	3/8		1/4	3/2		8	56		526
36	36	3/4	3/4	9/8	2	1	1/16		1/16	1		5	59		518
36	36	3/4	3/4	9/8	1	1	1/4		1/4	1		8	80		504
36	36	3/4	3/4	9/8	1	1	1/4		1/4	1		5	83		504
36	36	13/16	13/16	9/8	2	1	1/16		1/16	1		4	64		519
36	36	7/8	7/8	9/8	2	1	1/16		1/16	1		8	68		520
36	36	15/16	15/16	9/8	2	1	1/16		1/16	1		5	71		521
36	36	1	1	9/8	2	1	1/16		1/16	1		8	80		522
36	36	1	1	9/8	1	1	1/8		1/8	1		8	80		505
36	36	17/16	17/16	9/8	2	1	1/16		1/16	1		4	76		523
37	37	0	0	9/8	2	2	3/8		1/4	3/2		5	59		557
37	37	0	0	9/8	2	1	1/16		1/16	1		7	61		545
37	37	0	0	9/8	1	2	3/16		1/8	3/2		7	85		533
37	37	0	0	9/8	1	1	1/4		1/4	1		7	85		527
37	37	1/16	1/16	9/8	2	1	1/16		1/16	1		4	64		546
37	37	1/8	1/8	9/8	2	1	1/16		1/16	1		8	68		547
37	37	3/16	3/16	9/8	2	1	3/16		1/8	3/2		5	71		548
37	37	3/16	3/16	9/8	1	2	1/16		1/16	1		7	73		534
37	37	1/4	1/4	9/8	1	2	1/16		1/16	1		8	80		535
37	37	1/4	1/4	9/8	1	1	1/8		1/8	1		8	80		528
37	37	5/16	5/16	9/8	1	2	1/16		1/16	1		4	76		536
37	37	3/8	3/8	9/8	2	2	3/8		1/4	3/2		7	61		558
37	37	3/8	3/8	9/8	2	1	1/16		1/16	1		4	64		549
37	37	3/8	3/8	9/8	1	2	3/16		1/8	3/2		4	88		537
37	37	3/8	3/8	9/8	1	1	1/4		1/4	1		4	88		529
37	37	7/16	7/16	9/8	2	1	1/16		1/16	1		8	68		550
37	37	1/2	1/2	9/8	2	1	1/16		1/16	1		5	71		551
37	37	9/16	9/16	9/8	2	1	3/16		1/8	3/2		7	73		552
37	37	9/16	9/16	9/8	1	2	1/16		1/16	1		4	76		538
37	37	5/8	5/8	9/8	1	2	1/16		1/16	1		7	85		539
37	37	5/8	5/8	9/8	1	1	1/8		1/8	1		7	85		530
37	37	11/16	11/16	9/8	1	2	1/16		1/16	1		8	80		540
37	37	3/4	3/4	9/8	2	2	3/8		1/4	3/2		4	64		559
37	37	3/4	3/4	9/8	2	1	1/16		1/16	1		8	68		553
37	37	3/4	3/4	9/8	1	2	3/16		1/8	3/2		8	92		541
37	37	3/4	3/4	9/8	1	1	1/4		1/4	1		8	92		531
37	37	13/16	13/16	9/8	2	1	1/16		1/16	1		5	71		554
37	37	7/8	7/8	9/8	2	1	1/16		1/16	1		7	73		555
37	37	15/16	15/16	9/8	2	1	3/16		1/8	3/2		4	76		556
37	37	15/16	15/16	9/8	1	2	1/16		1/16	1		8	80		542
37	37	1	1	9/8	1	2	1/16		1/16	1		4	88		543
37	37	1	1	9/8	1	1	1/8		1/8	1		4	88		532
37	37	17/16	17/16	9/8	1	2	1/16		1/16	1		5	83		544
38	38	0	0	9/8	2	1	1/16		1/16	1		8	68		562
38	38	0	0	9/8	2	2	3/8		1/4	3/2		8	68		580
38	38	0	0	9/8	1	1	3/8		1/4	3/2		8	92		560
38	38	1/16	1/16	9/8	2	1	1/16		1/16	1		3	69		563
38	38	1/8	1/8	9/8	2	1	1/16		1/16	1		7	73		564
38	38	3/16	3/16	9/8	2	1	1/16		1/16	1		8	80		565
38	38	1/4	1/4	9/8	2	1	1/16		1/16	1		7	85		566
38	38	5/16	5/16	9/8	2	1	1/16		1/16	1		3	81		567
38	38	3/8	3/8	9/8	2	1	1/16		1/16	1		6	66		568
38	38	3/8	3/8	9/8	2	2	3/8		1/4	3/2		6	66		581
38	38	3/8	3/8	9/8	1	1	3/4		1/2	3/2		6	90		561
38	38	7/16	7/16	9/8	2	1	1/16		1/16	1		3	69		569
38	38	1/2	1/2	9/8	2	1	1/16		1/16	1		7	73		570
38	38	9/16	9/16	9/8	2	1	1/16		1/16	1		6	78		571
38	38	5/8	5/8	9/8	2	1	1/16		1/16	1		7	85		572
38	38	11/16	11/16	9/8	2	1	1/16		1/16	1		3	81		573
38	38	3/4	3/4	9/8	2	2	3/8		1/4	3/2		11	65		582
38	38	3/4	3/4	9/8	2	1	1/16		1/16	1		6	66		574
38	38	13/16	13/16	9/8	2	1	1/16		1/16	1		3	69		575
38	38	7/8	7/8	9/8	2	1	1/16		1/16	1		7	73		576
38	38	15/16	15/16	9/8	2	1	1/16		1/16	1		6	78		577
38	38	1	1	9/8	2	1	1/16		1/16	1		7	85		578
38	38	17/16	17/16	9/8	2	1	1/16		1/16	1		3	81		579
39	39	0	0	9/8	2	2	3/8		1/4	3/2		4	64		604
39	39	0	0	9/8	2	1	1/16		1/16	1		6	66		586
39	39	0	0	9/8	1	1	3/4		1/2	3/2		6	90		583
39	39	1/16	1/16	9/8	2	1	1/16		1/16	1		3	69		587
39	39	1/8	1/8	9/8	2	1	1/16		1/16	1		7	73		588
39	39	3/16	3/16	9/8	2	1	1/16		1/16	1		6	78		589
39	39	1/4	1/4	9/8	2	1	1/16		1/16	1		7	85		590
39	39	5/16	5/16	9/8	2	1	1/16		1/16	1		3	81		591
39	39	3/8	3/8	9/8	2	2	3/8		1/4	3/2		9	63		605
39	39	3/8	3/8	9/8	2	1	1/16		1/16	1		6	66		592
39	39	7/16	7/16	9/8	2	1	1/16		1/16	1		3	69		593
39	39	1/2	1/2	9/8	2	1	1/16		1/16	1		7	73		594
39	39	9/16	9/16	9/8	2	1	1/16		1/16	1		6	78		595
39	39	5/8	5/8	9/8	2	1	1/16		1/16	1		7	85		596
39	39	11/16	11/16	9/8	2	1	1/16		1/16	1		3	81		597
39	39	3/4	3/4	9/8	2	2	3/8		1/4	3/2		7	61		606
39	39	3/4	3/4	9/8	2	1	1/16		1/16	1		4	64		598
39	39	3/4	3/4	9/8	1	1	1/4		1/4	1		3	93		584
39	39	13/16	13/16	9/8	2	1	1/16		1/16	1		3	69		599
39	39	7/8	7/8	9/8	2	1	1/16		1/16	1		7	73		600
39	39	15/16	15/16	9/8	2	1	1/16		1/16	1		4	76		601
39	39	1	1	9/8	2	1	1/16		1/16	1		7	97		602
39	39	1	1	9/8	1	1	1/8		1/8	1		7	97		585
39	39	17/16	17/16	9/8	2	1	1/16		1/16	1		7	85		603
40	40	0	0	9/8	2	1	1/16		1/16	1		5	59		610
40	40	0	0	9/8	2	2	3/8		1/4	3/2		5	59		628
40	40	0	0	9/8	1	1	3/4		1/2	3/2		6	78		607
40	40	1/16	1/16	9/8	2	1	1/16		1/16	1		9	63		611
40	40	1/8	1/8	9/8	2	1	1/16		1/16	1		6	66		612
40	40	3/16	3/16	9/8	2	1	1/16		1/16	1		6	66		613
40	40	1/4	1/4	9/8	2	1	1/16		1/16	1		7	73		614
40	40	5/16	5/16	9/8	2	1	1/16		1/16	1		3	69		615
40	40	3/8	3/8	9/8	2	1	1/16		1/16	1		3	57		616
40	40	3/8	3/8	9/8	2	2	3/8		1/4	3/2		3	57		629
40	40	7/16	7/16	9/8	2	1	1/16		1/16	1		7	61		617
40	40	1/2	1/2	9/8	2	1	1/16		1/16	1		4	64		618
40	40	9/16	9/16	9/8	2	1	1/16		1/16	1		6	66		619
40	40	5/8	5/8	9/8	2	1	1/16		1/16	1		7	73		620
40	40	11/16	11/16	9/8	2	1	1/16		1/16	1		3	69		621
40	40	3/4	3/4	9/8	2	1	1/16		1/16	1		8	56		622
40	40	3/4	3/4	9/8	2	2	3/8		1/4	3/2		8	56		630
40	40	3/4	3/4	9/8	1	1	1/4		1/4	1		3	81		608
40	40	13/16	13/16	9/8	2	1	1/16		1/16	1		7	61		623
40	40	7/8	7/8	9/8	2	1	1/16		1/16	1		4	64		624
40	40	15/16	15/16	9/8	2	1	1/16		1/16	1		3	69		625
40	40	1	1	9/8	2	1	1/16		1/16	1		4	76		626
40	40	1	1	9/8	1	1	1/8		1/8	1		7	85		609
40	40	17/16	17/16	9/8	2	1	1/16		1/16	1		3	81		627
41	41	0	0	9/8	2	1	1/16		1/16	1		6	54		639
41	41	0	0	9/8	2	2	3/4		1/2	3/2		6	54		657
41	41	0	0	9/8	1	1	1/8		1/8	1		7	85		631
41	41	0	0	9/8	1	1	1/8		1/8	1		4	88		631
41	41	1/16	1/16	9/8	2	1	1/16		1/16	1		7	61		640
41	41	1/8	1/8	9/8	2	1	1/16		1/16	1		4	64		641
41	41	1/8	1/8	9/8	1	1	1/8		1/8	1		5	83		632
41	41	1/8	1/8	9/8	1	1	1/8		1/8	1		9	87		632
41	41	3/16	3/16	9/8	2	1	1/16		1/16	1		6	66		642
41	41	1/4	1/4	9/8	2	1	1/16		1/16	1		3	69		643
41	41	1/4	1/4	9/8	1	1	1/8		1/8	1		3	81		633
41	41	1/4	1/4	9/8	1	1	1/8		1/8	1		7	85		633
41	41	5/16	5/16	9/8	2	1	1/16		1/16	1		7	73		644
41	41	3/8	3/8	9/8	2	1	1/16		1/16	1		4	76		645
41	41	3/8	3/8	9/8	1	1	3/16		1/8	3/2		8	80		634
41	41	3/8	3/8	9/8	1	1	3/16		1/8	3/2		5	83		634
41	41	7/16	7/16	9/8	2	1	1/16		1/16	1		6	78		646
41	41	1/2	1/2	9/8	2	1	1/16		1/16	1		4	76		647
41	41	9/16	9/16	9/8	2	1	1/16		1/16	1		7	73		648
41	41	9/16	9/16	9/8	1	1	3/16		1/8	3/2	1	6	78		635
41	41	9/16	9/16	9/8	1	1	3/16		1/8	3/2	1	3	81		635
41	41	5/8	5/8	9/8	2	1	1/16		1/16	1		3	69		649
41	41	11/16	11/16	9/8	2	1	1/16		1/16	1		6	66		650
41	41	3/4	3/4	9/8	2	2	3/8		1/4	3/2		6	54		658
41	41	3/4	3/4	9/8	2	1	1/16		1/16	1		4	64		651
41	41	3/4	3/4	9/8	1	1	1/8		1/8	1	-1	6	78		636
41	41	3/4	3/4	9/8	1	1	1/8		1/8	1	-1	3	81		636
41	41	13/16	13/16	9/8	2	1	1/16		1/16	1		6	66		652
41	41	7/8	7/8	9/8	2	1	1/16		1/16	1		4	64		653
41	41	7/8	7/8	9/8	1	1	1/8		1/8	1		4	76		637
41	41	7/8	7/8	9/8	1	1	1/8		1/8	1		8	80		637
41	41	15/16	15/16	9/8	2	1	1/16		1/16	1		7	61		654
41	41	1	1	9/8	2	1	1/16		1/16	1		3	57		655
41	41	1	1	9/8	1	1	1/8		1/8	1		9	75		638
41	41	1	1	9/8	1	1	1/8		1/8	1		6	78		638
41	41	17/16	17/16	9/8	2	1	1/16		1/16	1		6	54		656
42	42	0	0	9/8	2	1	1/16		1/16	1		6	42		669
42	42	0	0	9/8	1	1	1/8		1/8	1		7	73		659
42	42	0	0	9/8	1	1	1/8		1/8	1		4	76		659
42	42	1/16	1/16	9/8	2	1	1/16		1/16	1		7	49		670
42	42	1/8	1/8	9/8	2	1	1/16		1/16	1		4	52		671
42	42	1/8	1/8	9/8	1	1	1/8		1/8	1		5	71		660
42	42	1/8	1/8	9/8	1	1	1/8		1/8	1		9	75		660
42	42	3/16	3/16	9/8	2	1	1/16		1/16	1		6	54		672
42	42	1/4	1/4	9/8	2	1	1/16		1/16	1		3	57		673
42	42	1/4	1/4	9/8	1	1	1/8		1/8	1		3	69		661
42	42	1/4	1/4	9/8	1	1	1/8		1/8	1		7	73		661
42	42	5/16	5/16	9/8	2	1	1/16		1/16	1		7	61		674
42	42	3/8	3/8	9/8	2	1	1/16		1/16	1		4	64		675
42	42	3/8	3/8	9/8	1	1	1/8		1/8	1		8	68		662
42	42	3/8	3/8	9/8	1	1	1/8		1/8	1		5	71		662
42	42	7/16	7/16	9/8	2	1	1/16		1/16	1		7	61		676
42	42	1/2	1/2	9/8	2	1	1/16		1/16	1		3	57		677
42	42	1/2	1/2	9/8	1	1	1/8		1/8	1		6	66		663
42	42	1/2	1/2	9/8	1	1	1/8		1/8	1		3	69		663
42	42	9/16	9/16	9/8	2	1	1/16		1/16	1		6	54		678
42	42	5/8	5/8	9/8	2	1	1/16		1/16	1		4	52		679
42	42	5/8	5/8	9/8	1	1	1/8		1/8	1	1	4	64		664
42	42	5/8	5/8	9/8	1	1	1/8		1/8	1	1	8	68		664
42	42	11/16	11/16	9/8	2	1	1/16		1/16	1		7	49		680
42	42	3/4	3/4	9/8	2	1	1/16		1/16	1		6	42		681
42	42	3/4	3/4	9/8	1	2	3/8		1/4	3/2		3	57		668
42	42	3/4	3/4	9/8	1	1	1/8		1/8	1	-1	4	64		665
42	42	3/4	3/4	9/8	1	1	1/8		1/8	1	-1	8	68		665
42	42	13/16	13/16	9/8	2	1	1/16		1/16	1		7	49		682
42	42	7/8	7/8	9/8	2	1	1/16		1/16	1		6	42		683
42	42	7/8	7/8	9/8	1	1	1/8		1/8	1		9	63		666
42	42	7/8	7/8	9/8	1	1	1/8		1/8	1		6	66		666
42	42	15/16	15/16	9/8	2	1	1/16		1/16	1		7	49		684
42	42	1	1	9/8	2	1	1/16		1/16	1		6	42		685
42	42	1	1	9/8	1	1	1/8		1/8	1		7	61		667
42	42	1	1	9/8	1	1	1/8		1/8	1		4	64		667
42	42	17/16	17/16	9/8	2	1	1/16		1/16	1		7	49		686
43	43	0	0	9/8	2	1	1/16		1/16	1		-4	44		695
43	43	0	0	9/8	1	2	1/4		1/4	1		-6	54		690
43	43	0	0	9/8	1	1	3/4		1/2	3/2		-5	61		687
43	43	0	0	9/8	1	1	3/4		1/2	3/2		-3	63		687
43	43	1/16	1/16	9/8	2	1	1/16		1/16	1		-3	51		696
43	43	1/8	1/8	9/8	2	1	1/16		1/16	1		-4	44		697
43	43	3/16	3/16	9/8	2	1	1/16		1/16	1		-3	51		698
43	43	1/4	1/4	9/8	2	1	1/16		1/16	1		-4	44		699
43	43	1/4	1/4	9/8	1	2	1/8		1/8	1		-4	56		691
43	43	5/16	5/16	9/8	2	1	1/16		1/16	1		-3	51		700
43	43	3/8	3/8	9/8	2	1	1/16		1/16	1		-4	44		701
43	43	3/8	3/8	9/8	1	2	1/4		1/4	1		-2	58		692
43	43	7/16	7/16	9/8	2	1	1/16		1/16	1		-3	51		702
43	43	1/2	1/2	9/8	2	1	1/16		1/16	1		-4	44		703
43	43	9/16	9/16	9/8	2	1	1/16		1/16	1		-3	51		704
43	43	5/8	5/8	9/8	2	1	1/16		1/16	1		-4	44		705
43	43	5/8	5/8	9/8	1	2	1/8		1/8	1		-5	61		693
43	43	11/16	11/16	9/8	2	1	1/16		1/16	1		-3	51		706
43	43	3/4	3/4	9/8	2	1	1/16		1/16	1		-4	44		707
43	43	3/4	3/4	9/8	1	2	3/8		1/4	3/2		0	60		694
43	43	3/4	3/4	9/8	1	1	1/4		1/4	1		-3	63		688
43	43	3/4	3/4	9/8	1	1	1/4		1/4	1		-6	66		688
43	43	13/16	13/16	9/8	2	1	1/16		1/16	1		-3	51		708
43	43	7/8	7/8	9/8	2	1	1/16		1/16	1		-4	44		709
43	43	15/16	15/16	9/8	2	1	1/16		1/16	1		-3	51		710
43	43	1	1	9/8	2	1	1/16		1/16	1		-4	44		711
43	43	1	1	9/8	1	1	1/8		1/8	1		-3	63		689
43	43	1	1	9/8	1	1	1/8		1/8	1		-6	66		689
43	43	1	1	9/8	1	1	1/8		1/8	1		-2	70		689
43	43	17/16	17/16	9/8	2	1	1/16		1/16	1		-3	51		712
44	44	0	0	9/8	2	1	1/16		1/16	1		-4	44		721
44	44	0	0	9/8	1	2	1/4		1/4	1		-6	54		716
44	44	0	0	9/8	1	1	3/4		1/2	3/2		-5	61		713
44	44	0	0	9/8	1	1	3/4		1/2	3/2		-3	63		713
44	44	1/16	1/16	9/8	2	1	1/16		1/16	1		-3	51		722
44	44	1/8	1/8	9/8	2	1	1/16		1/16	1		-4	44		723
44	44	3/16	3/16	9/8	2	1	1/16		1/16	1		-3	51		724
44	44	1/4	1/4	9/8	2	1	1/16		1/16	1		-4	44		725
44	44	1/4	1/4	9/8	1	2	1/8		1/8	1		-4	56		717
44	44	5/16	5/16	9/8	2	1	1/16		1/16	1		-3	51		726
44	44	3/8	3/8	9/8	2	1	1/16		1/16	1		-4	44		727
44	44	3/8	3/8	9/8	1	2	1/4		1/4	1		-2	58		718
44	44	7/16	7/16	9/8	2	1	1/16		1/16	1		-3	51		728
44	44	1/2	1/2	9/8	2	1	1/16		1/16	1		-4	44		729
44	44	9/16	9/16	9/8	2	1	1/16		1/16	1		-3	51		730
44	44	5/8	5/8	9/8	2	1	1/16		1/16	1		-4	44		731
44	44	5/8	5/8	9/8	1	2	1/8		1/8	1		-5	61		719
44	44	11/16	11/16	9/8	2	1	1/16		1/16	1		-3	51		732
44	44	3/4	3/4	9/8	2	1	1/16		1/16	1		-4	44		733
44	44	3/4	3/4	9/8	1	2	3/8		1/4	3/2		0	60		720
44	44	3/4	3/4	9/8	1	1	1/4		1/4	1		-3	63		714
44	44	3/4	3/4	9/8	1	1	1/4		1/4	1		-6	66		714
44	44	13/16	13/16	9/8	2	1	1/16		1/16	1		-3	51		734
44	44	7/8	7/8	9/8	2	1	1/16		1/16	1		-4	44		735
44	44	15/16	15/16	9/8	2	1	1/16		1/16	1		-3	51		736
44	44	1	1	9/8	2	1	1/16		1/16	1		-4	44		737
44	44	1	1	9/8	1	1	1/8		1/8	1		-3	63		715
44	44	1	1	9/8	1	1	1/8		1/8	1		-6	66		715
44	44	1	1	9/8	1	1	1/8		1/8	1		-2	70		715
44	44	17/16	17/16	9/8	2	1	1/16		1/16	1		-3	51		738
45	45	0	0	9/8	2	1	1/16		1/16	1		-4	44		753
45	45	0	0	9/8	1	2	1/8		1/8	1		-5	61		744
45	45	0	0	9/8	1	1	1/8		1/8	1		-6	66		739
45	45	0	0	9/8	1	1	1/8		1/8	1		-2	70		739
45	45	1/16	1/16	9/8	2	1	1/16		1/16	1		-3	39		754
45	45	1/8	1/8	9/8	2	1	1/16		1/16	1		-4	44		755
45	45	1/8	1/8	9/8	1	2	1/8		1/8	1		-4	68		745
45	45	1/8	1/8	9/8	1	1	1/8		1/8	1		0	72		740
45	45	1/8	1/8	9/8	1	1	1/8		1/8	1		-1	77		740
45	45	3/16	3/16	9/8	2	1	1/16		1/16	1		-3	51		756
45	45	1/4	1/4	9/8	2	1	1/16		1/16	1		-4	44		757
45	45	1/4	1/4	9/8	1	2	1/8		1/8	1		-6	66		746
45	45	1/4	1/4	9/8	1	1	1/8		1/8	1		-2	70		741
45	45	1/4	1/4	9/8	1	1	1/8		1/8	1		-3	75		741
45	45	5/16	5/16	9/8	2	1	1/16		1/16	1		-3	51		758
45	45	3/8	3/8	9/8	2	1	1/16		1/16	1		-4	56		759
45	45	3/8	3/8	9/8	1	2	1/8		1/8	1		-5	61		747
45	45	3/8	3/8	9/8	1	1	3/8		1/4	3/2		-6	66		742
45	45	3/8	3/8	9/8	1	1	3/8		1/4	3/2		-2	70		742
45	45	7/16	7/16	9/8	2	1	1/16		1/16	1		-3	51		760
45	45	1/2	1/2	9/8	2	1	1/16		1/16	1		-4	56		761
45	45	1/2	1/2	9/8	1	2	1/8		1/8	1		-2	58		748
45	45	9/16	9/16	9/8	2	1	1/16		1/16	1		-3	63		762
45	45	5/8	5/8	9/8	2	1	1/16		1/16	1		-4	56		763
45	45	5/8	5/8	9/8	1	2	1/8		1/8	1		-5	61		749
45	45	11/16	11/16	9/8	2	1	1/16		1/16	1		-3	51		764
45	45	3/4	3/4	9/8	2	1	1/16		1/16	1		-4	56		765
45	45	3/4	3/4	9/8	1	2	1/8		1/8	1		-2	58		750
45	45	3/4	3/4	9/8	1	1	3/8		1/4	3/2		-6	66		743
45	45	3/4	3/4	9/8	1	1	3/8		1/4	3/2		-4	68		743
45	45	13/16	13/16	9/8	2	1	1/16		1/16	1		-3	51		766
45	45	7/8	7/8	9/8	2	1	1/16		1/16	1		-4	44		767
45	45	7/8	7/8	9/8	1	2	1/8		1/8	1		0	60		751
45	45	15/16	15/16	9/8	2	1	1/16		1/16	1		-3	51		768
45	45	1	1	9/8	2	1	1/16		1/16	1		-4	44		769
45	45	1	1	9/8	1	2	1/8		1/8	1		-3	63		752
45	45	17/16	17/16	9/8	2	1	1/16		1/16	1		-3	39		770
46	46	0	0	9/8	2	1	1/16		1/16	1		-4	44		785
46	46	0	0	9/8	1	2	1/8		1/8	1		-5	61		776
46	46	0	0	9/8	1	1	1/8		1/8	1		-6	66		771
46	46	0	0	9/8	1	1	1/8		1/8	1		-2	70		771
46	46	1/16	1/16	9/8	2	1	1/16		1/16	1		-3	39		786
46	46	1/8	1/8	9/8	2	1	1/16		1/16	1		-4	44		787
46	46	1/8	1/8	9/8	1	2	1/8		1/8	1		-4	68		777
46	46	1/8	1/8	9/8	1	1	1/8		1/8	1		0	72		772
46	46	1/8	1/8	9/8	1	1	1/8		1/8	1		-1	77		772
46	46	3/16	3/16	9/8	2	1	1/16		1/16	1		-3	51		788
46	46	1/4	1/4	9/8	2	1	1/16		1/16	1		-4	44		789
46	46	1/4	1/4	9/8	1	2	1/8		1/8	1		-6	66		778
46	46	1/4	1/4	9/8	1	1	1/8		1/8	1		-2	70		773
46	46	1/4	1/4	9/8	1	1	1/8		1/8	1		-3	75		773
46	46	5/16	5/16	9/8	2	1	1/16		1/16	1		-3	51		790
46	46	3/8	3/8	9/8	2	1	1/16		1/16	1		-4	56		791
46	46	3/8	3/8	9/8	1	2	1/8		1/8	1		-5	61		779
46	46	3/8	3/8	9/8	1	1	3/8		1/4	3/2		-6	66		774
46	46	3/8	3/8	9/8	1	1	3/8		1/4	3/2		-2	70		774
46	46	7/16	7/16	9/8	2	1	1/16		1/16	1		-3	51		792
46	46	1/2	1/2	9/8	2	1	1/16		1/16	1		-4	56		793
46	46	1/2	1/2	9/8	1	2	1/8		1/8	1		-2	58		780
46	46	9/16	9/16	9/8	2	1	1/16		1/16	1		-3	63		794
46	46	5/8	5/8	9/8	2	1	1/16		1/16	1		-4	56		795
46	46	5/8	5/8	9/8	1	2	1/8		1/8	1		-5	61		781
46	46	11/16	11/16	9/8	2	1	1/16		1/16	1		-3	51		796
46	46	3/4	3/4	9/8	2	1	1/16		1/16	1		-4	56		797
46	46	3/4	3/4	9/8	1	2	1/8		1/8	1		-2	58		782
46	46	3/4	3/4	9/8	1	1	3/8		1/4	3/2		-6	66		775
46	46	3/4	3/4	9/8	1	1	3/8		1/4	3/2		-4	68		775
46	46	13/16	13/16	9/8	2	1	1/16		1/16	1		-3	51		798
46	46	7/8	7/8	9/8	2	1	1/16		1/16	1		-4	56		799
46	46	7/8	7/8	9/8	1	2	1/8		1/8	1		0	60		783
46	46	15/16	15/16	9/8	2	1	1/16		1/16	1		-3	51		800
46	46	1	1	9/8	2	1	1/16		1/16	1		-4	56		801
46	46	1	1	9/8	1	2	1/8		1/8	1		-3	63		784
46	46	17/16	17/16	9/8	2	1	1/16		1/16	1		-3	51		802
47	47	0	0	9/8	2	2	1/4		1/4	1		-6	54		824
47	47	0	0	9/8	2	1	3/4		1/2	3/2		-5	61		823
47	47	0	0	9/8	1	2	1/16		1/16	1		-3	75		806
47	47	0	0	9/8	1	1	3/4		1/2	3/2		-3	75		803
47	47	1/16	1/16	9/8	1	2	1/16		1/16	1		-3	63		807
47	47	1/8	1/8	9/8	1	2	1/16		1/16	1		-6	66		808
47	47	3/16	3/16	9/8	1	2	1/16		1/16	1		-2	70		809
47	47	1/4	1/4	9/8	2	2	1/8		1/8	1		-4	56		825
47	47	1/4	1/4	9/8	1	2	1/16		1/16	1		-6	66		810
47	47	5/16	5/16	9/8	1	2	1/16		1/16	1		-3	63		811
47	47	3/8	3/8	9/8	2	2	1/4		1/4	1		-2	58		826
47	47	7/16	7/16	9/8	1	2	1/16		1/16	1		-3	63		812
47	47	1/2	1/2	9/8	1	2	1/16		1/16	1		-6	66		813
47	47	9/16	9/16	9/8	1	2	1/16		1/16	1		-2	70		814
47	47	5/8	5/8	9/8	2	2	1/8		1/8	1		-5	61		827
47	47	5/8	5/8	9/8	1	2	1/16		1/16	1		-6	66		815
47	47	11/16	11/16	9/8	1	2	1/16		1/16	1		-3	63		816
47	47	3/4	3/4	9/8	1	2	1/16		1/16	1		0	60		817
47	47	3/4	3/4	9/8	2	2	3/8		1/4	3/2		0	60		828
47	47	3/4	3/4	9/8	1	1	1/4		1/4	1		-6	78		804
47	47	13/16	13/16	9/8	1	2	1/16		1/16	1		-3	63		818
47	47	7/8	7/8	9/8	1	2	1/16		1/16	1		-6	66		819
47	47	15/16	15/16	9/8	1	2	1/16		1/16	1		-2	70		820
47	47	1	1	9/8	1	2	1/16		1/16	1		0	72		821
47	47	1	1	9/8	1	1	1/8		1/8	1		-2	82		805
47	47	17/16	17/16	9/8	1	2	1/16		1/16	1		-3	75		822
48	48	0	0	9/8	2	2	1/4		1/4	1		-6	54		850
48	48	0	0	9/8	2	1	3/4		1/2	3/2		-5	61		849
48	48	0	0	9/8	1	2	1/16		1/16	1		-3	75		832
48	48	0	0	9/8	1	1	3/4		1/2	3/2		-3	75		829
48	48	1/16	1/16	9/8	1	2	1/16		1/16	1		-3	63		833
48	48	1/8	1/8	9/8	1	2	1/16		1/16	1		-6	66		834
48	48	3/16	3/16	9/8	1	2	1/16		1/16	1		-2	70		835
48	48	1/4	1/4	9/8	2	2	1/8		1/8	1		-4	56		851
48	48	1/4	1/4	9/8	1	2	1/16		1/16	1		-6	66		836
48	48	5/16	5/16	9/8	1	2	1/16		1/16	1		-3	63		837
48	48	3/8	3/8	9/8	2	2	1/4		1/4	1		-2	58		852
48	48	7/16	7/16	9/8	1	2	1/16		1/16	1		-3	63		838
48	48	1/2	1/2	9/8	1	2	1/16		1/16	1		-6	66		839
48	48	9/16	9/16	9/8	1	2	1/16		1/16	1		-2	70		840
48	48	5/8	5/8	9/8	2	2	1/8		1/8	1		-5	61		853
48	48	5/8	5/8	9/8	1	2	1/16		1/16	1		-6	66		841
48	48	11/16	11/16	9/8	1	2	1/16		1/16	1		-3	63		842
48	48	3/4	3/4	9/8	1	2	1/16		1/16	1		0	60		843
48	48	3/4	3/4	9/8	2	2	3/8		1/4	3/2		0	60		854
48	48	3/4	3/4	9/8	1	1	1/4		1/4	1		-6	78		830
48	48	13/16	13/16	9/8	1	2	1/16		1/16	1		-3	63		844
48	48	7/8	7/8	9/8	1	2	1/16		1/16	1		-6	66		845
48	48	15/16	15/16	9/8	1	2	1/16		1/16	1		-2	70		846
48	48	1	1	9/8	1	2	1/16		1/16	1		0	72		847
48	48	1	1	9/8	1	1	1/8		1/8	1		-2	82		831
48	48	17/16	17/16	9/8	1	2	1/16		1/16	1		-3	75		848
49	49	0	0	9/8	2	1	1/16		1/16	1		-6	66		857
49	49	0	0	9/8	2	2	3/4		1/2	3/2		-6	66		875
49	49	0	0	9/8	1	1	3/4		1/2	3/2	1	-3	87		855
49	49	1/16	1/16	9/8	2	1	1/16		1/16	1		-2	70		858
49	49	1/8	1/8	9/8	2	1	1/16		1/16	1		-5	73		859
49	49	3/16	3/16	9/8	2	1	1/16		1/16	1		-3	75		860
49	49	1/4	1/4	9/8	2	1	1/16		1/16	1		-6	78		861
49	49	5/16	5/16	9/8	2	1	1/16		1/16	1		-2	82		862
49	49	3/8	3/8	9/8	2	1	1/16		1/16	1		-6	66		863
49	49	7/16	7/16	9/8	2	1	1/16		1/16	1		-2	70		864
49	49	1/2	1/2	9/8	2	1	1/16		1/16	1		-5	73		865
49	49	9/16	9/16	9/8	2	1	1/16		1/16	1		-3	75		866
49	49	5/8	5/8	9/8	2	1	1/16		1/16	1		-6	78		867
49	49	11/16	11/16	9/8	2	1	1/16		1/16	1		0	84		868
49	49	3/4	3/4	9/8	2	1	1/16		1/16	1		-6	66		869
49	49	3/4	3/4	9/8	2	2	3/8		1/4	3/2		-6	66		876
49	49	3/4	3/4	9/8	1	1	3/8		1/4	3/2	0	-3	87		856
49	49	13/16	13/16	9/8	2	1	1/16		1/16	1		-2	70		870
49	49	7/8	7/8	9/8	2	1	1/16		1/16	1		-5	73		871
49	49	15/16	15/16	9/8	2	1	1/16		1/16	1		-3	75		872
49	49	1	1	9/8	2	1	1/16		1/16	1		-6	78		873
49	49	17/16	17/16	9/8	2	1	1/16		1/16	1		-2	82		874
50	50	0	0	9/8	2	1	1/16		1/16	1		-6	66		880
50	50	0	0	9/8	2	2	3/4		1/2	3/2		-6	66		898
50	50	0	0	9/8	1	1	3/8		1/4	3/2	-1	-3	87		877
50	50	1/16	1/16	9/8	2	1	1/16		1/16	1		3	69		881
50	50	1/8	1/8	9/8	2	1	1/16		1/16	1		-5	73		882
50	50	3/16	3/16	9/8	2	1	1/16		1/16	1		-3	75		883
50	50	1/4	1/4	9/8	2	1	1/16		1/16	1		-6	78		884
50	50	5/16	5/16	9/8	2	1	1/16		1/16	1		3	81		885
50	50	3/8	3/8	9/8	2	1	1/16		1/16	1		-6	66		886
50	50	3/8	3/8	9/8	1	1	3/8		1/4	3/2		-5	85		878
50	50	7/16	7/16	9/8	2	1	1/16		1/16	1		3	69		887
50	50	1/2	1/2	9/8	2	1	1/16		1/16	1		-5	73		888
50	50	9/16	9/16	9/8	2	1	1/16		1/16	1		-3	75		889
50	50	5/8	5/8	9/8	2	1	1/16		1/16	1		-6	78		890
50	50	11/16	11/16	9/8	2	1	1/16		1/16	1		-7	83		891
50	50	3/4	3/4	9/8	2	1	1/16		1/16	1		-6	66		892
50	50	3/4	3/4	9/8	2	2	3/8		1/4	3/2		-6	66		899
50	50	3/4	3/4	9/8	1	1	3/8		1/4	3/2		-3	87		879
50	50	13/16	13/16	9/8	2	1	1/16		1/16	1		3	69		893
50	50	7/8	7/8	9/8	2	1	1/16		1/16	1		-5	73		894
50	50	15/16	15/16	9/8	2	1	1/16		1/16	1		-3	75		895
50	50	1	1	9/8	2	1	1/16		1/16	1		-6	78		896
50	50	17/16	17/16	9/8	2	1	1/16		1/16	1		3	81		897
51	51	0	0	9/8	2	1	1/16		1/16	1		-1	65		902
51	51	0	0	9/8	2	2	3/4		1/2	3/2		-1	65		908
51	51	1/16	1/16	9/8	2	1	1/16		1/16	1		-4	68		903
51	51	1/8	1/8	9/8	2	1	1/16		1/16	1		0	72		904
51	51	3/16	3/16	9/8	2	1	1/16		1/16	1		-1	77		905
51	51	1/4	1/4	9/8	2	1	1/16		1/16	1		-4	80		906
51	51	5/16	5/16	9/8	2	1	1/16		1/16	1		0	84		907
51	51	3/8	3/8	9/8	1	1	3/8		1/4	3/2		-1	77		900
51	51	3/8	3/8	9/8	1	1	3/8		1/4	3/2		-4	80		900
51	51	3/4	3/4	9/8	2	2	3/8		1/4	3/2		-1	65		909
51	51	3/4	3/4	9/8	1	1	3/8		1/4	3/2	1	-1	77		901
52	52	0	0	9/8	2	1	1/16		1/16	1		-1	65		914
52	52	0	0	9/8	2	2	3/4		1/2	3/2		-1	65		920
52	52	0	0	9/8	1	1	1/8		1/8	1	-1	-1	77		910
52	52	1/16	1/16	9/8	2	1	1/16		1/16	1		3	69		915
52	52	1/8	1/8	9/8	2	1	1/16		1/16	1		0	72		916
52	52	1/8	1/8	9/8	1	1	1/8		1/8	1		0	72		911
52	52	1/8	1/8	9/8	1	1	1/8		1/8	1		-3	75		911
52	52	3/16	3/16	9/8	2	1	1/16		1/16	1		-3	75		917
52	52	1/4	1/4	9/8	1	1	1/8		1/8	1		-5	73		912
52	52	1/4	1/4	9/8	2	1	1/16		1/16	1		-1	77		918
52	52	1/4	1/4	9/8	1	1	1/8		1/8	1		-1	77		912
52	52	5/16	5/16	9/8	2	1	1/16		1/16	1		3	81		919
52	52	3/8	3/8	9/8	1	1	3/4		1/2	3/2	1	0	72		913
52	52	3/8	3/8	9/8	1	1	3/4		1/2	3/2	1	-3	75		913
52	52	3/4	3/4	9/8	2	2	3/8		1/4	3/2		-1	65		921
53	53	0	0	9/8	2	1	1/16		1/16	1		-1	65		929
53	53	0	0	9/8	2	2	3/4		1/2	3/2		-1	65		935
53	53	0	0	9/8	1	1	1/8		1/8	1	-1	0	72		922
53	53	0	0	9/8	1	1	1/8		1/8	1	-1	-3	75		922
53	53	1/16	1/16	9/8	2	1	1/16		1/16	1		-4	68		930
53	53	1/8	1/8	9/8	2	1	1/16		1/16	1		-2	70		931
53	53	1/8	1/8	9/8	1	1	1/8		1/8	1		-2	70		923
53	53	1/8	1/8	9/8	1	1	1/8		1/8	1		-5	73		923
53	53	3/16	3/16	9/8	2	1	1/16		1/16	1		-5	73		932
53	53	1/4	1/4	9/8	1	1	1/8		1/8	1		0	72		924
53	53	1/4	1/4	9/8	1	1	1/8		1/8	1		-3	75		924
53	53	1/4	1/4	9/8	2	1	1/16		1/16	1		-1	77		933
53	53	5/16	5/16	9/8	2	1	1/16		1/16	1		-4	80		934
53	53	3/8	3/8	9/8	1	1	3/16		1/8	3/2		-2	70		925
53	53	3/8	3/8	9/8	1	1	3/16		1/8	3/2		-5	73		925
53	53	9/16	9/16	9/8	1	1	3/16		1/8	3/2	1	-5	73		926
53	53	9/16	9/16	9/8	1	1	3/16		1/8	3/2	1	-1	77		926
53	53	3/4	3/4	9/8	2	2	3/8		1/4	3/2		-1	65		936
53	53	3/4	3/4	9/8	1	1	3/16		1/8	3/2	-1	-5	73		927
53	53	3/4	3/4	9/8	1	1	3/16		1/8	3/2	-1	-1	77		927
53	53	15/16	15/16	9/8	1	1	3/16		1/8	3/2	1	-2	70		928
53	53	15/16	15/16	9/8	1	1	3/16		1/8	3/2	1	-5	73		928
54	54	0	0	9/8	2	1	1/16		1/16	1		-3	63		941
54	54	0	0	9/8	2	2	3/4		1/2	3/2		-3	63		947
54	54	0	0	9/8	1	1	1/16		1/16	1	-1	-2	70		937
54	54	0	0	9/8	1	1	1/16		1/16	1	-1	-5	73		937
54	54	1/16	1/16	9/8	2	1	1/16		1/16	1		-6	66		942
54	54	1/8	1/8	9/8	2	1	1/16		1/16	1		-4	68		943
54	54	1/8	1/8	9/8	1	1	1/8		1/8	1		-4	68		938
54	54	1/8	1/8	9/8	1	1	1/8		1/8	1		0	72		938
54	54	3/16	3/16	9/8	2	1	1/16		1/16	1		0	72		944
54	54	1/4	1/4	9/8	1	1	1/8		1/8	1		-2	70		939
54	54	1/4	1/4	9/8	1	1	1/8		1/8	1		-5	73		939
54	54	1/4	1/4	9/8	2	1	1/16		1/16	1		-3	75		945
54	54	5/16	5/16	9/8	2	1	1/16		1/16	1		-6	78		946
54	54	3/8	3/8	9/8	1	1	3/4		1/2	3/2		-4	68		940
54	54	3/8	3/8	9/8	1	1	3/4		1/2	3/2		0	72		940
54	54	3/4	3/4	9/8	2	2	3/8		1/4	3/2		-3	63		948
55	55	0	0	9/8	2	1	1/16		1/16	1		-5	61		959
55	55	0	0	9/8	2	2	3/4		1/2	3/2		-5	61		966
55	55	1/16	1/16	9/8	2	1	1/16		1/16	1		-3	63		960
55	55	1/8	1/8	9/8	2	1	1/16		1/16	1		-6	66		961
55	55	1/8	1/8	9/8	1	1	1/8		1/8	1		-6	78		949
55	55	1/8	1/8	9/8	1	1	1/8		1/8	1		-2	82		949
55	55	3/16	3/16	9/8	2	1	1/16		1/16	1		-2	70		962
55	55	1/4	1/4	9/8	2	1	1/16		1/16	1		-5	73		963
55	55	1/4	1/4	9/8	1	1	1/8		1/8	1		-4	80		950
55	55	1/4	1/4	9/8	1	1	1/8		1/8	1		0	84		950
55	55	5/16	5/16	9/8	2	1	1/16		1/16	1		-3	75		964
55	55	3/8	3/8	9/8	1	2	3/8		1/4	3/2		-6	78		957
55	55	3/8	3/8	9/8	1	1	1/8		1/8	1		-2	82		951
55	55	1/2	1/2	9/8	1	1	1/8		1/8	1		-3	87		952
55	55	5/8	5/8	9/8	1	1	1/8		1/8	1		-2	82		953
55	55	3/4	3/4	9/8	2	1	3/8		1/4	3/2		0	60		965
55	55	3/4	3/4	9/8	2	1	3/8		1/4	3/2		-3	63		965
55	55	3/4	3/4	9/8	2	1	3/8		1/4	3/2		-1	65		965
55	55	3/4	3/4	9/8	2	1	3/8		1/4	3/2		-4	68		965
55	55	3/4	3/4	9/8	2	1	3/8		1/4	3/2		0	72		965
55	55	3/4	3/4	9/8	1	2	3/8		1/4	3/2	1	-1	77		958
55	55	3/4	3/4	9/8	1	1	1/8		1/8	1		-4	80		954
55	55	7/8	7/8	9/8	1	1	1/8		1/8	1		-2	82		955
55	55	1	1	9/8	1	1	1/8		1/8	1	1	-4	80		956
56	56	0	0	9/8	2	1	1/16		1/16	1		0	48		972
56	56	0	0	9/8	2	2	3/4		1/2	3/2		0	48		980
56	56	0	0	9/8	1	1	1/8		1/8	1	-1	-1	77		967
56	56	0	0	9/8	1	1	1/8		1/8	1	-1	-4	80		967
56	56	1/16	1/16	9/8	2	1	1/16		1/16	1		-6	54		973
56	56	1/8	1/8	9/8	2	1	1/16		1/16	1		-2	58		974
56	56	1/8	1/8	9/8	1	1	1/8		1/8	1		-3	75		968
56	56	1/8	1/8	9/8	1	1	1/8		1/8	1		-6	78		968
56	56	3/16	3/16	9/8	2	1	1/16		1/16	1		0	60		975
56	56	1/4	1/4	9/8	2	1	1/16		1/16	1		-3	63		976
56	56	1/4	1/4	9/8	1	1	1/8		1/8	1		-1	77		969
56	56	1/4	1/4	9/8	1	1	1/8		1/8	1		-4	80		969
56	56	5/16	5/16	9/8	2	1	1/16		1/16	1		-6	66		977
56	56	3/8	3/8	9/8	2	1	3/8		1/4	3/2		-2	70		978
56	56	3/8	3/8	9/8	1	1	3/8		1/4	3/2		-3	75		970
56	56	3/8	3/8	9/8	1	1	3/8		1/4	3/2		-6	78		970
56	56	3/4	3/4	9/8	2	2	3/8		1/4	3/2		-1	53		981
56	56	3/4	3/4	9/8	2	1	3/8		1/4	3/2		0	60		979
56	56	3/4	3/4	9/8	2	1	3/8		1/4	3/2		-3	63		979
56	56	3/4	3/4	9/8	1	1	3/8		1/4	3/2		3	69		971
56	56	3/4	3/4	9/8	1	1	3/8		1/4	3/2	1	-1	77		971
57	57	0	0	9/8	2	1	1/16		1/16	1		-4	56		993
57	57	0	0	9/8	2	2	3/4		1/2	3/2		-4	56		1000
57	57	0	0	9/8	1	1	1/8		1/8	1	-1	-1	77		982
57	57	1/16	1/16	9/8	2	1	1/16		1/16	1		-2	58		994
57	57	1/8	1/8	9/8	2	1	1/16		1/16	1		-5	61		995
57	57	1/8	1/8	9/8	1	1	1/8		1/8	1		-5	73		983
57	57	1/8	1/8	9/8	1	1	1/8		1/8	1		-1	77		983
57	57	3/16	3/16	9/8	2	1	1/16		1/16	1		-1	65		996
57	57	1/4	1/4	9/8	2	1	1/16		1/16	1		-4	68		997
57	57	1/4	1/4	9/8	1	1	1/8		1/8	1		-3	75		984
57	57	1/4	1/4	9/8	1	1	1/8		1/8	1		-6	78		984
57	57	5/16	5/16	9/8	2	1	1/16		1/16	1		-2	70		998
57	57	3/8	3/8	9/8	1	2	3/8		1/4	3/2		-5	73		991
57	57	3/8	3/8	9/8	1	1	1/8		1/8	1		-1	77		985
57	57	1/2	1/2	9/8	1	1	1/8		1/8	1		-2	82		986
57	57	5/8	5/8	9/8	1	1	1/8		1/8	1		-1	77		987
57	57	3/4	3/4	9/8	2	1	3/8		1/4	3/2		-6	54		999
57	57	3/4	3/4	9/8	2	1	3/8		1/4	3/2		-2	58		999
57	57	3/4	3/4	9/8	2	1	3/8		1/4	3/2		-5	61		999
57	57	3/4	3/4	9/8	2	1	3/8		1/4	3/2		-3	63		999
57	57	3/4	3/4	9/8	1	2	3/8		1/4	3/2		-5	73		992
57	57	3/4	3/4	9/8	1	1	1/8		1/8	1		-3	75		988
57	57	7/8	7/8	9/8	1	1	1/8		1/8	1		-1	77		989
57	57	1	1	9/8	1	1	1/8		1/8	1	1	-3	75		990
58	58	0	0	9/8	2	1	1/16		1/16	1		-1	53		1006
58	58	0	0	9/8	2	2	3/4		1/2	3/2		-1	53		1013
58	58	0	0	9/8	1	1	1/8		1/8	1	-1	-3	75		1001
58	58	1/16	1/16	9/8	2	1	1/16		1/16	1		-4	56		1007
58	58	1/8	1/8	9/8	2	1	1/16		1/16	1		-2	58		1008
58	58	1/8	1/8	9/8	1	1	1/8		1/8	1		-2	70		1002
58	58	1/8	1/8	9/8	1	1	1/8		1/8	1		-5	73		1002
58	58	3/16	3/16	9/8	2	1	1/16		1/16	1		-5	61		1009
58	58	1/4	1/4	9/8	2	1	1/16		1/16	1		-1	65		1010
58	58	1/4	1/4	9/8	1	1	1/8		1/8	1		0	72		1003
58	58	1/4	1/4	9/8	1	1	1/8		1/8	1		-3	75		1003
58	58	5/16	5/16	9/8	2	1	1/16		1/16	1		-4	68		1011
58	58	3/8	3/8	9/8	1	1	3/8		1/4	3/2		-2	70		1004
58	58	3/8	3/8	9/8	1	1	3/8		1/4	3/2		-5	73		1004
58	58	3/4	3/4	9/8	2	2	3/16		1/8	3/2		-3	51		1014
58	58	3/4	3/4	9/8	2	1	3/8		1/4	3/2		-6	54		1012
58	58	3/4	3/4	9/8	2	1	3/8		1/4	3/2		0	60		1012
58	58	3/4	3/4	9/8	1	1	3/8		1/4	3/2		-4	68		1005
58	58	3/4	3/4	9/8	1	1	3/8		1/4	3/2		0	72		1005
58	58	15/16	15/16	9/8	2	2	3/16		1/8	3/2		-4	44		1015
59	59	0	0	9/8	2	1	1/8		1/8	1		-5	37		1018
59	59	0	0	9/8	2	1	1/8		1/8	1		-4	44		1018
59	59	1/8	1/8	9/8	2	1	1/8		1/8	1		-1	53		1019
59	59	1/8	1/8	9/8	2	1	1/8		1/8	1		-4	56		1019
59	59	1/4	1/4	9/8	2	1	1/8		1/8	1	1	-1	65		1020
59	59	1/4	1/4	9/8	2	1	1/8		1/8	1	1	-4	68		1020
59	59	3/8	3/8	9/8	2	1	3/4		1/2	3/2		-7	59		1021
59	59	3/8	3/8	9/8	2	1	3/4		1/2	3/2	-1	-1	65		1021
59	59	3/8	3/8	9/8	2	1	3/4		1/2	3/2	-1	-4	68		1021
59	59	3/8	3/8	9/8	1	1	3/8		1/4	3/2		-1	77		1016
59	59	3/8	3/8	9/8	1	1	3/8		1/4	3/2		-4	80		1016
59	59	3/4	3/4	9/8	1	1	3/8		1/4	3/2	1	-5	73		1017
59	59	3/4	3/4	9/8	1	1	3/8		1/4	3/2	1	-1	77		1017
60	60	0	0	9/8	2	2	3/4		1/2	3/2		-6	42		1030
60	60	0	0	9/8	2	2	3/4		1/2	3/2		-5	49		1030
60	60	0	0	9/8	1	1	1/8		1/8	1	-1	-5	73		1022
60	60	0	0	9/8	1	1	1/8		1/8	1	-1	-1	77		1022
60	60	1/8	1/8	9/8	2	1	1/4		1/4	1	1	-5	49		1028
60	60	1/8	1/8	9/8	2	1	1/4		1/4	1	1	-6	54		1028
60	60	1/8	1/8	9/8	2	1	1/4		1/4	1	1	-2	58		1028
60	60	1/8	1/8	9/8	2	1	1/4		1/4	1	1	-5	61		1028
60	60	1/8	1/8	9/8	1	2	1/4		1/4	1	1	-6	66		1026
60	60	1/8	1/8	9/8	1	2	1/4		1/4	1	1	-2	70		1026
60	60	1/8	1/8	9/8	1	1	1/8		1/8	1		-3	75		1023
60	60	1/4	1/4	9/8	1	1	1/8		1/8	1		-1	77		1024
60	60	3/8	3/8	9/8	2	1	3/4		1/2	3/2	-1	-5	49		1029
60	60	3/8	3/8	9/8	2	1	3/4		1/2	3/2	-1	-6	54		1029
60	60	3/8	3/8	9/8	2	1	3/4		1/2	3/2	-1	-2	58		1029
60	60	3/8	3/8	9/8	2	1	3/4		1/2	3/2	-1	-5	61		1029
60	60	3/8	3/8	9/8	1	2	3/4		1/2	3/2	-1	-6	66		1027
60	60	3/8	3/8	9/8	1	2	3/4		1/2	3/2	-1	-2	70		1027
60	60	3/8	3/8	9/8	1	1	3/4		1/2	3/2	1	-3	75		1025
61	61	0	0	9/8	2	3	3/4		1/2	3/2		-4	44		1044
61	61	0	0	9/8	1	1	1/8		1/8	1	-1	-3	75		1031
61	61	1/8	1/8	9/8	2	1	1/4		1/4	1		-1	53		1039
61	61	1/8	1/8	9/8	2	1	1/4		1/4	1		-4	56		1039
61	61	1/8	1/8	9/8	1	1	1/8		1/8	1		-5	61		1032
61	61	1/8	1/8	9/8	1	2	1/4		1/4	1		-4	68		1036
61	61	1/8	1/8	9/8	1	1	1/8		1/8	1		-5	73		1032
61	61	1/4	1/4	9/8	1	1	1/8		1/8	1		-3	63		1033
61	61	1/4	1/4	9/8	1	1	1/8		1/8	1		-3	75		1033
61	61	3/8	3/8	9/8	2	2	3/8		1/4	3/2	1	-7	59		1042
61	61	3/8	3/8	9/8	2	1	3/8		1/4	3/2		-5	61		1040
61	61	3/8	3/8	9/8	2	1	3/8		1/4	3/2		-1	65		1040
61	61	3/8	3/8	9/8	1	1	3/8		1/4	3/2		-4	68		1034
61	61	3/8	3/8	9/8	1	2	3/8		1/4	3/2		-1	77		1037
61	61	3/8	3/8	9/8	1	1	3/8		1/4	3/2		-4	80		1034
61	61	3/4	3/4	9/8	2	2	3/8		1/4	3/2	-1	-7	59		1043
61	61	3/4	3/4	9/8	2	1	3/8		1/4	3/2		-5	61		1041
61	61	3/4	3/4	9/8	1	1	3/8		1/4	3/2		-1	65		1035
61	61	3/4	3/4	9/8	1	2	3/8		1/4	3/2		-5	73		1038
61	61	3/4	3/4	9/8	1	1	3/8		1/4	3/2	1	-1	77		1035
62	62	0	0	9/8	2	3	3/4		1/2	3/2		-2	46		1057
62	62	0	0	9/8	1	1	1/8		1/8	1	-1	-1	77		1045
62	62	1/8	1/8	9/8	2	2	1/4		1/4	1	1	-1	53		1055
62	62	1/8	1/8	9/8	2	2	1/4		1/4	1	1	-2	58		1055
62	62	1/8	1/8	9/8	2	1	1/4		1/4	1	1	-3	63		1052
62	62	1/8	1/8	9/8	1	2	1/4		1/4	1	1	-1	65		1050
62	62	1/8	1/8	9/8	1	2	1/4		1/4	1	1	-2	70		1050
62	62	1/8	1/8	9/8	1	1	1/8		1/8	1		-3	75		1046
62	62	1/4	1/4	9/8	1	1	1/8		1/8	1		-1	77		1047
62	62	3/8	3/8	9/8	2	2	3/4		1/2	3/2	-1	-1	53		1056
62	62	3/8	3/8	9/8	2	2	3/4		1/2	3/2	-1	-2	58		1056
62	62	3/8	3/8	9/8	2	1	3/8		1/4	3/2	-1	-3	63		1053
62	62	3/8	3/8	9/8	1	2	3/4		1/2	3/2	-1	-1	65		1051
62	62	3/8	3/8	9/8	1	2	3/4		1/2	3/2	-1	-2	70		1051
62	62	3/8	3/8	9/8	1	1	3/8		1/4	3/2		-3	75		1048
62	62	3/4	3/4	9/8	2	1	3/8		1/4	3/2		-5	61		1054
62	62	3/4	3/4	9/8	1	1	3/8		1/4	3/2		-5	73		1049
63	63	0	0	9/8	2	1	3/4		1/2	3/2	1	-1	41		1063
63	63	1/8	1/8	9/8	1	2	1/4		1/4	1		-4	56		1062
63	63	1/8	1/8	9/8	1	1	1/8		1/8	1		-5	61		1058
63	63	1/4	1/4	9/8	1	1	1/8		1/8	1		-3	63		1059
63	63	3/8	3/8	9/8	1	1	3/8		1/4	3/2		-5	61		1060
63	63	3/8	3/8	9/8	1	1	3/8		1/4	3/2		-1	65		1060
63	63	3/8	3/8	9/8	1	1	3/8		1/4	3/2		-2	70		1060
63	63	3/4	3/4	9/8	2	1	3/8		1/4	3/2	-1	-1	41		1064
63	63	3/4	3/4	9/8	1	1	3/8		1/4	3/2		-4	56		1061
63	63	3/4	3/4	9/8	1	1	3/8		1/4	3/2		-5	61		1061
63	63	3/4	3/4	9/8	1	1	3/8		1/4	3/2		-1	65		1061
64	64	0	0	9/8	2	2	3/4		1/2	3/2		-3	39		1072
64	64	1/8	1/8	9/8	1	2	1/4		1/4	1		-2	58		1069
64	64	1/8	1/8	9/8	1	2	1/4		1/4	1		-5	61		1069
64	64	1/8	1/8	9/8	1	1	1/8		1/8	1		-6	66		1065
64	64	1/4	1/4	9/8	1	1	1/8		1/8	1		-4	68		1066
64	64	3/8	3/8	9/8	2	1	3/8		1/4	3/2		-3	51		1070
64	64	3/8	3/8	9/8	1	1	3/8		1/4	3/2		-6	66		1067
64	64	3/8	3/8	9/8	1	1	3/8		1/4	3/2		-2	70		1067
64	64	3/8	3/8	9/8	1	1	3/8		1/4	3/2		-5	73		1067
64	64	3/4	3/4	9/8	1	1	3/8		1/4	3/2		-5	61		1068
64	64	3/4	3/4	9/8	2	1	3/8		1/4	3/2		-3	63		1071
64	64	3/4	3/4	9/8	1	1	3/8		1/4	3/2		-6	66		1068
64	64	3/4	3/4	9/8	1	1	3/8		1/4	3/2		-2	70		1068
65	65	0	0	9/8	2	1	3/16		1/8	3/2		-4	44		1078
65	65	0	0	9/8	2	2	3/4		1/2	3/2		-4	44		1082
65	65	1/8	1/8	9/8	1	2	1/4		1/4	1		0	60		1077
65	65	1/8	1/8	9/8	1	2	1/4		1/4	1		-6	66		1077
65	65	1/8	1/8	9/8	1	1	1/8		1/8	1		-2	70		1073
65	65	3/16	3/16	9/8	2	1	3/16		1/8	3/2		-3	51		1079
65	65	1/4	1/4	9/8	1	1	1/8		1/8	1		0	72		1074
65	65	3/8	3/8	9/8	1	1	3/8		1/4	3/2		-4	68		1075
65	65	3/8	3/8	9/8	1	1	3/8		1/4	3/2		0	72		1075
65	65	3/8	3/8	9/8	1	1	3/8		1/4	3/2		-1	77		1075
65	65	3/8	3/8	9/8	2	1	3/8		1/4	3/2		-4	80		1080
65	65	3/4	3/4	9/8	2	1	3/8		1/4	3/2		-4	56		1081
65	65	3/4	3/4	9/8	1	1	3/8		1/4	3/2		0	60		1076
65	65	3/4	3/4	9/8	1	1	3/8		1/4	3/2		-6	66		1076
65	65	3/4	3/4	9/8	1	1	3/8		1/4	3/2		-4	68		1076
66	66	0	0	9/8	2	1	1/16		1/16	1		-5	37		1083
66	66	0	0	9/8	2	2	3/8		1/4	3/2		-5	37		1101
66	66	1/16	1/16	9/8	2	1	1/16		1/16	1		-4	44		1084
66	66	1/8	1/8	9/8	2	1	1/16		1/16	1		-5	49		1085
66	66	3/16	3/16	9/8	2	1	1/16		1/16	1		-1	53		1086
66	66	1/4	1/4	9/8	2	1	1/16		1/16	1		-4	56		1087
66	66	5/16	5/16	9/8	2	1	1/16		1/16	1		-5	61		1088
66	66	3/8	3/8	9/8	2	1	1/16		1/16	1		-1	41		1089
66	66	3/8	3/8	9/8	2	2	3/8		1/4	3/2		-1	41		1102
66	66	7/16	7/16	9/8	2	1	1/16		1/16	1		0	48		1090
66	66	1/2	1/2	9/8	2	1	1/16		1/16	1		-1	53		1091
66	66	9/16	9/16	9/8	2	1	1/16		1/16	1		-4	56		1092
66	66	5/8	5/8	9/8	2	1	1/16		1/16	1		0	60		1093
66	66	11/16	11/16	9/8	2	1	1/16		1/16	1		-1	65		1094
66	66	3/4	3/4	9/8	2	1	1/16		1/16	1		-5	37		1095
66	66	3/4	3/4	9/8	2	2	3/8		1/4	3/2		-5	37		1103
66	66	13/16	13/16	9/8	2	1	1/16		1/16	1		-4	44		1096
66	66	7/8	7/8	9/8	2	1	1/16		1/16	1		-5	49		1097
66	66	15/16	15/16	9/8	2	1	1/16		1/16	1		-1	53		1098
66	66	1	1	9/8	2	1	1/16		1/16	1		-4	56		1099
66	66	17/16	17/16	9/8	2	1	1/16		1/16	1		-5	61		1100
67	67	0	0	9/8	2	1	1/16		1/16	1		-1	41		1106
67	67	0	0	9/8	2	2	3/8		1/4	3/2		-1	41		1119
67	67	1/16	1/16	9/8	2	1	1/16		1/16	1		0	48		1107
67	67	1/8	1/8	9/8	2	1	1/16		1/16	1		-1	53		1108
67	67	3/16	3/16	9/8	2	1	1/16		1/16	1		-4	56		1109
67	67	1/4	1/4	9/8	2	1	1/16		1/16	1		0	60		1110
67	67	5/16	5/16	9/8	2	1	1/16		1/16	1		-1	65		1111
67	67	3/8	3/8	9/8	2	1	1/16		1/16	1		-4	44		1112
67	67	3/8	3/8	9/8	2	2	3/4		1/2	3/2		-4	44		1120
67	67	3/8	3/8	9/8	1	1	3/8		1/4	3/2		-4	68		1104
67	67	3/8	3/8	9/8	1	1	3/8		1/4	3/2		-7	71		1104
67	67	7/16	7/16	9/8	2	1	1/16		1/16	1		-8	52		1113
67	67	1/2	1/2	9/8	2	1	1/16		1/16	1		-4	56		1114
67	67	9/16	9/16	9/8	2	1	1/16		1/16	1		-7	59		1115
67	67	5/8	5/8	9/8	2	1	1/16		1/16	1		-8	64		1116
67	67	11/16	11/16	9/8	2	1	1/16		1/16	1		-6	66		1117
67	67	3/4	3/4	9/8	1	1	3/8		1/4	3/2		-8	64		1105
67	67	3/4	3/4	9/8	2	1	3/8		1/4	3/2		-4	68		1118
67	67	3/4	3/4	9/8	1	1	3/8		1/4	3/2		-5	73		1105
68	68	0	0	9/8	2	1	1/16		1/16	1		-5	49		1121
68	68	0	0	9/8	2	2	3/8		1/4	3/2		-5	49		1139
68	68	1/16	1/16	9/8	2	1	1/16		1/16	1		-4	56		1122
68	68	1/8	1/8	9/8	2	1	1/16		1/16	1		-5	61		1123
68	68	3/16	3/16	9/8	2	1	1/16		1/16	1		-1	65		1124
68	68	1/4	1/4	9/8	2	1	1/16		1/16	1		-4	68		1125
68	68	5/16	5/16	9/8	2	1	1/16		1/16	1		-5	73		1126
68	68	3/8	3/8	9/8	2	1	1/16		1/16	1		-1	53		1127
68	68	3/8	3/8	9/8	2	2	3/8		1/4	3/2		-1	53		1140
68	68	7/16	7/16	9/8	2	1	1/16		1/16	1		0	60		1128
68	68	1/2	1/2	9/8	2	1	1/16		1/16	1		-1	65		1129
68	68	9/16	9/16	9/8	2	1	1/16		1/16	1		-4	68		1130
68	68	5/8	5/8	9/8	2	1	1/16		1/16	1		0	72		1131
68	68	11/16	11/16	9/8	2	1	1/16		1/16	1		-1	77		1132
68	68	3/4	3/4	9/8	2	1	1/16		1/16	1		-5	49		1133
68	68	3/4	3/4	9/8	2	2	3/8		1/4	3/2		-5	49		1141
68	68	13/16	13/16	9/8	2	1	1/16		1/16	1		-4	56		1134
68	68	7/8	7/8	9/8	2	1	1/16		1/16	1		-5	61		1135
68	68	15/16	15/16	9/8	2	1	1/16		1/16	1		-1	65		1136
68	68	1	1	9/8	2	1	1/16		1/16	1		-4	68		1137
68	68	17/16	17/16	9/8	2	1	1/16		1/16	1		-5	73		1138
69	69	0	0	9/8	2	1	1/16		1/16	1		-1	53		1145
69	69	0	0	9/8	2	2	3/8		1/4	3/2		-1	53		1158
69	69	1/16	1/16	9/8	2	1	1/16		1/16	1		0	60		1146
69	69	1/8	1/8	9/8	2	1	1/16		1/16	1		-1	65		1147
69	69	3/16	3/16	9/8	2	1	1/16		1/16	1		-4	68		1148
69	69	1/4	1/4	9/8	2	1	1/16		1/16	1		0	72		1149
69	69	5/16	5/16	9/8	2	1	1/16		1/16	1		-1	77		1150
69	69	3/8	3/8	9/8	2	1	1/16		1/16	1		-4	56		1151
69	69	3/8	3/8	9/8	2	2	3/4		1/2	3/2		-4	56		1159
69	69	3/8	3/8	9/8	1	2	3/4		1/2	3/2		-4	80		1144
69	69	3/8	3/8	9/8	1	1	3/8		1/4	3/2		-7	83		1142
69	69	7/16	7/16	9/8	2	1	1/16		1/16	1		-7	59		1152
69	69	1/2	1/2	9/8	2	1	1/16		1/16	1		-8	64		1153
69	69	9/16	9/16	9/8	2	1	1/16		1/16	1		-4	68		1154
69	69	5/8	5/8	9/8	2	1	1/16		1/16	1		-7	71		1155
69	69	11/16	11/16	9/8	2	1	1/16		1/16	1	1	-8	76		1156
69	69	3/4	3/4	9/8	2	1	3/8		1/4	3/2	-1	-8	76		1157
69	69	3/4	3/4	9/8	1	1	3/8		1/4	3/2		-5	85		1143
70	70	0	0	9/8	2	1	1/16		1/16	1		-4	56		1165
70	70	0	0	9/8	2	2	3/4		1/2	3/2		-4	56		1173
70	70	0	0	9/8	1	2	3/4		1/2	3/2	1	-4	80		1163
70	70	0	0	9/8	1	1	3/8		1/4	3/2		-7	83		1160
70	70	1/16	1/16	9/8	2	1	1/16		1/16	1		-7	59		1166
70	70	1/8	1/8	9/8	2	1	1/16		1/16	1		-8	64		1167
70	70	3/16	3/16	9/8	2	1	1/16		1/16	1		-4	68		1168
70	70	1/4	1/4	9/8	2	1	1/16		1/16	1		-7	71		1169
70	70	5/16	5/16	9/8	2	1	1/16		1/16	1	1	-8	76		1170
70	70	3/8	3/8	9/8	2	1	3/8		1/4	3/2	-1	-8	76		1171
70	70	3/8	3/8	9/8	1	1	3/8		1/4	3/2		-5	85		1161
70	70	3/4	3/4	9/8	2	1	3/8		1/4	3/2		-4	44		1172
70	70	3/4	3/4	9/8	1	2	3/8		1/4	3/2	-1	-4	80		1164
70	70	3/4	3/4	9/8	1	1	3/8		1/4	3/2		-8	88		1162
71	71	0	0	9/8	2	1	1/16		1/16	1		-5	37		1176
71	71	0	0	9/8	2	2	3/4		1/2	3/2		-5	37		1188
71	71	0	0	9/8	1	1	3/4		1/2	3/2	1	-1	89		1174
71	71	0	0	9/8	1	1	3/4		1/2	3/2	1	-4	92		1174
71	71	1/16	1/16	9/8	2	1	1/16		1/16	1		-4	44		1177
71	71	1/8	1/8	9/8	2	1	1/16		1/16	1		-5	49		1178
71	71	3/16	3/16	9/8	2	1	1/16		1/16	1		-1	53		1179
71	71	1/4	1/4	9/8	2	1	1/16		1/16	1		-4	56		1180
71	71	5/16	5/16	9/8	2	1	1/16		1/16	1		-5	61		1181
71	71	3/8	3/8	9/8	2	1	1/8		1/8	1		-1	65		1182
71	71	1/2	1/2	9/8	2	1	1/8		1/8	1		-4	68		1183
71	71	5/8	5/8	9/8	2	1	1/8		1/8	1		-5	73		1184
71	71	3/4	3/4	9/8	2	1	1/8		1/8	1		-1	77		1185
71	71	3/4	3/4	9/8	1	1	3/8		1/4	3/2	-1	-1	89		1175
71	71	3/4	3/4	9/8	1	1	3/8		1/4	3/2	-1	-4	92		1175
71	71	7/8	7/8	9/8	2	1	1/8		1/8	1		-4	80		1186
71	71	1	1	9/8	2	1	1/8		1/8	1		-5	85		1187
72	72	0	0	9/8	2	1	3/4		1/2	3/2		-5	61		1190
72	72	0	0	9/8	2	1	3/4		1/2	3/2		-4	68		1190
72	72	0	0	9/8	2	1	3/4		1/2	3/2		-5	73		1190
72	72	0	0	9/8	2	1	3/4		1/2	3/2		-1	77		1190
72	72	0	0	9/8	1	1	3/4		1/2	3/2		-4	80		1189
72	72	0	0	9/8	1	1	3/4		1/2	3/2		-5	85		1189
72	72	0	0	9/8	1	1	3/4		1/2	3/2		-1	89		1189
72	72	0	0	9/8	1	1	3/4		1/2	3/2		-4	92		1189
